scenario,optimizer,learning_rate,batch_size,l2,seed,epochs,epoch,training_loss
learning_rate_sensitivity,Batch GD,1.0,,0.0001,42,80,1,0.5927462318497181
learning_rate_sensitivity,Batch GD,1.0,,0.0001,42,80,2,0.5383644649234242
learning_rate_sensitivity,Batch GD,1.0,,0.0001,42,80,3,0.5075494059969268
learning_rate_sensitivity,Batch GD,1.0,,0.0001,42,80,4,0.4891404203370648
learning_rate_sensitivity,Batch GD,1.0,,0.0001,42,80,5,0.4775678342831198
learning_rate_sensitivity,Batch GD,1.0,,0.0001,42,80,6,0.4699364659469806
learning_rate_sensitivity,Batch GD,1.0,,0.0001,42,80,7,0.46466899912019055
learning_rate_sensitivity,Batch GD,1.0,,0.0001,42,80,8,0.46086800698947483
learning_rate_sensitivity,Batch GD,1.0,,0.0001,42,80,9,0.4580034188943668
learning_rate_sensitivity,Batch GD,1.0,,0.0001,42,80,10,0.45575210965876783
learning_rate_sensitivity,Batch GD,1.0,,0.0001,42,80,11,0.4539118268702667
learning_rate_sensitivity,Batch GD,1.0,,0.0001,42,80,12,0.45235312800147814
learning_rate_sensitivity,Batch GD,1.0,,0.0001,42,80,13,0.4509915893431994
learning_rate_sensitivity,Batch GD,1.0,,0.0001,42,80,14,0.44977124403796975
learning_rate_sensitivity,Batch GD,1.0,,0.0001,42,80,15,0.4486544522521908
learning_rate_sensitivity,Batch GD,1.0,,0.0001,42,80,16,0.44761556577340167
learning_rate_sensitivity,Batch GD,1.0,,0.0001,42,80,17,0.4466368893277816
learning_rate_sensitivity,Batch GD,1.0,,0.0001,42,80,18,0.44570606359609216
learning_rate_sensitivity,Batch GD,1.0,,0.0001,42,80,19,0.44481434560441585
learning_rate_sensitivity,Batch GD,1.0,,0.0001,42,80,20,0.44395546519892803
learning_rate_sensitivity,Batch GD,1.0,,0.0001,42,80,21,0.44312485680087915
learning_rate_sensitivity,Batch GD,1.0,,0.0001,42,80,22,0.44231913874146406
learning_rate_sensitivity,Batch GD,1.0,,0.0001,42,80,23,0.44153575771840076
learning_rate_sensitivity,Batch GD,1.0,,0.0001,42,80,24,0.44077274441484154
learning_rate_sensitivity,Batch GD,1.0,,0.0001,42,80,25,0.4400285445576041
learning_rate_sensitivity,Batch GD,1.0,,0.0001,42,80,26,0.43930190152489623
learning_rate_sensitivity,Batch GD,1.0,,0.0001,42,80,27,0.4385917743870223
learning_rate_sensitivity,Batch GD,1.0,,0.0001,42,80,28,0.4378972804254236
learning_rate_sensitivity,Batch GD,1.0,,0.0001,42,80,29,0.4372176546357077
learning_rate_sensitivity,Batch GD,1.0,,0.0001,42,80,30,0.43655222105916897
learning_rate_sensitivity,Batch GD,1.0,,0.0001,42,80,31,0.4359003723794726
learning_rate_sensitivity,Batch GD,1.0,,0.0001,42,80,32,0.43526155531175903
learning_rate_sensitivity,Batch GD,1.0,,0.0001,42,80,33,0.4346352600623892
learning_rate_sensitivity,Batch GD,1.0,,0.0001,42,80,34,0.4340210126570126
learning_rate_sensitivity,Batch GD,1.0,,0.0001,42,80,35,0.43341836929533456
learning_rate_sensitivity,Batch GD,1.0,,0.0001,42,80,36,0.43282691214223246
learning_rate_sensitivity,Batch GD,1.0,,0.0001,42,80,37,0.43224624614039076
learning_rate_sensitivity,Batch GD,1.0,,0.0001,42,80,38,0.4316759965524962
learning_rate_sensitivity,Batch GD,1.0,,0.0001,42,80,39,0.43111580702722546
learning_rate_sensitivity,Batch GD,1.0,,0.0001,42,80,40,0.4305653380437914
learning_rate_sensitivity,Batch GD,1.0,,0.0001,42,80,41,0.4300242656323913
learning_rate_sensitivity,Batch GD,1.0,,0.0001,42,80,42,0.42949228029786923
learning_rate_sensitivity,Batch GD,1.0,,0.0001,42,80,43,0.4289690860950163
learning_rate_sensitivity,Batch GD,1.0,,0.0001,42,80,44,0.42845439981881595
learning_rate_sensitivity,Batch GD,1.0,,0.0001,42,80,45,0.42794795028343174
learning_rate_sensitivity,Batch GD,1.0,,0.0001,42,80,46,0.4274494776711395
learning_rate_sensitivity,Batch GD,1.0,,0.0001,42,80,47,0.4269587329376322
learning_rate_sensitivity,Batch GD,1.0,,0.0001,42,80,48,0.4264754772638144
learning_rate_sensitivity,Batch GD,1.0,,0.0001,42,80,49,0.42599948154681055
learning_rate_sensitivity,Batch GD,1.0,,0.0001,42,80,50,0.42553052592476237
learning_rate_sensitivity,Batch GD,1.0,,0.0001,42,80,51,0.4250683993312947
learning_rate_sensitivity,Batch GD,1.0,,0.0001,42,80,52,0.42461289907646327
learning_rate_sensitivity,Batch GD,1.0,,0.0001,42,80,53,0.424163830451668
learning_rate_sensitivity,Batch GD,1.0,,0.0001,42,80,54,0.4237210063564836
learning_rate_sensitivity,Batch GD,1.0,,0.0001,42,80,55,0.4232842469457207
learning_rate_sensitivity,Batch GD,1.0,,0.0001,42,80,56,0.4228533792952733
learning_rate_sensitivity,Batch GD,1.0,,0.0001,42,80,57,0.4224282370855064
learning_rate_sensitivity,Batch GD,1.0,,0.0001,42,80,58,0.4220086603010806
learning_rate_sensitivity,Batch GD,1.0,,0.0001,42,80,59,0.42159449494621526
learning_rate_sensitivity,Batch GD,1.0,,0.0001,42,80,60,0.42118559277449663
learning_rate_sensitivity,Batch GD,1.0,,0.0001,42,80,61,0.4207818110323908
learning_rate_sensitivity,Batch GD,1.0,,0.0001,42,80,62,0.42038301221569885
learning_rate_sensitivity,Batch GD,1.0,,0.0001,42,80,63,0.4199890638382333
learning_rate_sensitivity,Batch GD,1.0,,0.0001,42,80,64,0.419599838212048
learning_rate_sensitivity,Batch GD,1.0,,0.0001,42,80,65,0.41921521223858893
learning_rate_sensitivity,Batch GD,1.0,,0.0001,42,80,66,0.41883506721017627
learning_rate_sensitivity,Batch GD,1.0,,0.0001,42,80,67,0.4184592886212599
learning_rate_sensitivity,Batch GD,1.0,,0.0001,42,80,68,0.4180877659889212
learning_rate_sensitivity,Batch GD,1.0,,0.0001,42,80,69,0.4177203926821271
learning_rate_sensitivity,Batch GD,1.0,,0.0001,42,80,70,0.4173570657592683
learning_rate_sensitivity,Batch GD,1.0,,0.0001,42,80,71,0.41699768581354035
learning_rate_sensitivity,Batch GD,1.0,,0.0001,42,80,72,0.41664215682575007
learning_rate_sensitivity,Batch GD,1.0,,0.0001,42,80,73,0.4162903860241559
learning_rate_sensitivity,Batch GD,1.0,,0.0001,42,80,74,0.41594228375096876
learning_rate_sensitivity,Batch GD,1.0,,0.0001,42,80,75,0.4155977633351655
learning_rate_sensitivity,Batch GD,1.0,,0.0001,42,80,76,0.4152567409712813
learning_rate_sensitivity,Batch GD,1.0,,0.0001,42,80,77,0.4149191356038716
learning_rate_sensitivity,Batch GD,1.0,,0.0001,42,80,78,0.41458486881734685
learning_rate_sensitivity,Batch GD,1.0,,0.0001,42,80,79,0.4142538647309019
learning_rate_sensitivity,Batch GD,1.0,,0.0001,42,80,80,0.41392604989827886
learning_rate_sensitivity,Batch GD,4.0,,0.0001,42,80,1,0.4606086166311136
learning_rate_sensitivity,Batch GD,4.0,,0.0001,42,80,2,0.45466358210846836
learning_rate_sensitivity,Batch GD,4.0,,0.0001,42,80,3,0.4503023801955236
learning_rate_sensitivity,Batch GD,4.0,,0.0001,42,80,4,0.44650351899741203
learning_rate_sensitivity,Batch GD,4.0,,0.0001,42,80,5,0.4430942991938432
learning_rate_sensitivity,Batch GD,4.0,,0.0001,42,80,6,0.44000359862656707
learning_rate_sensitivity,Batch GD,4.0,,0.0001,42,80,7,0.4371818437851926
learning_rate_sensitivity,Batch GD,4.0,,0.0001,42,80,8,0.43458950246735206
learning_rate_sensitivity,Batch GD,4.0,,0.0001,42,80,9,0.43219420903951167
learning_rate_sensitivity,Batch GD,4.0,,0.0001,42,80,10,0.4299692456302147
learning_rate_sensitivity,Batch GD,4.0,,0.0001,42,80,11,0.4278924242339018
learning_rate_sensitivity,Batch GD,4.0,,0.0001,42,80,12,0.42594521056021994
learning_rate_sensitivity,Batch GD,4.0,,0.0001,42,80,13,0.42411203183561175
learning_rate_sensitivity,Batch GD,4.0,,0.0001,42,80,14,0.422379728528681
learning_rate_sensitivity,Batch GD,4.0,,0.0001,42,80,15,0.42073711849734147
learning_rate_sensitivity,Batch GD,4.0,,0.0001,42,80,16,0.4191746488883163
learning_rate_sensitivity,Batch GD,4.0,,0.0001,42,80,17,0.41768411668124533
learning_rate_sensitivity,Batch GD,4.0,,0.0001,42,80,18,0.41625844313863064
learning_rate_sensitivity,Batch GD,4.0,,0.0001,42,80,19,0.41489149078667215
learning_rate_sensitivity,Batch GD,4.0,,0.0001,42,80,20,0.4135779141221293
learning_rate_sensitivity,Batch GD,4.0,,0.0001,42,80,21,0.4123130372015595
learning_rate_sensitivity,Batch GD,4.0,,0.0001,42,80,22,0.41109275276878476
learning_rate_sensitivity,Batch GD,4.0,,0.0001,42,80,23,0.40991343872687047
learning_rate_sensitivity,Batch GD,4.0,,0.0001,42,80,24,0.4087718886472693
learning_rate_sensitivity,Batch GD,4.0,,0.0001,42,80,25,0.4076652536948064
learning_rate_sensitivity,Batch GD,4.0,,0.0001,42,80,26,0.4065909938806876
learning_rate_sensitivity,Batch GD,4.0,,0.0001,42,80,27,0.4055468369725803
learning_rate_sensitivity,Batch GD,4.0,,0.0001,42,80,28,0.404530743718132
learning_rate_sensitivity,Batch GD,4.0,,0.0001,42,80,29,0.40354087829649554
learning_rate_sensitivity,Batch GD,4.0,,0.0001,42,80,30,0.402575583117083
learning_rate_sensitivity,Batch GD,4.0,,0.0001,42,80,31,0.4016333572477139
learning_rate_sensitivity,Batch GD,4.0,,0.0001,42,80,32,0.4007128378846464
learning_rate_sensitivity,Batch GD,4.0,,0.0001,42,80,33,0.39981278438166723
learning_rate_sensitivity,Batch GD,4.0,,0.0001,42,80,34,0.39893206443987295
learning_rate_sensitivity,Batch GD,4.0,,0.0001,42,80,35,0.3980696421281848
learning_rate_sensitivity,Batch GD,4.0,,0.0001,42,80,36,0.3972245674602927
learning_rate_sensitivity,Batch GD,4.0,,0.0001,42,80,37,0.3963959672991525
learning_rate_sensitivity,Batch GD,4.0,,0.0001,42,80,38,0.3955830373974093
learning_rate_sensitivity,Batch GD,4.0,,0.0001,42,80,39,0.39478503541275595
learning_rate_sensitivity,Batch GD,4.0,,0.0001,42,80,40,0.39400127476253216
learning_rate_sensitivity,Batch GD,4.0,,0.0001,42,80,41,0.39323111920282927
learning_rate_sensitivity,Batch GD,4.0,,0.0001,42,80,42,0.3924739780347874
learning_rate_sensitivity,Batch GD,4.0,,0.0001,42,80,43,0.39172930185530197
learning_rate_sensitivity,Batch GD,4.0,,0.0001,42,80,44,0.3909965787815182
learning_rate_sensitivity,Batch GD,4.0,,0.0001,42,80,45,0.39027533108869
learning_rate_sensitivity,Batch GD,4.0,,0.0001,42,80,46,0.38956511220957224
learning_rate_sensitivity,Batch GD,4.0,,0.0001,42,80,47,0.38886550405076675
learning_rate_sensitivity,Batch GD,4.0,,0.0001,42,80,48,0.3881761145875767
learning_rate_sensitivity,Batch GD,4.0,,0.0001,42,80,49,0.38749657570413953
learning_rate_sensitivity,Batch GD,4.0,,0.0001,42,80,50,0.3868265412500415
learning_rate_sensitivity,Batch GD,4.0,,0.0001,42,80,51,0.38616568528840073
learning_rate_sensitivity,Batch GD,4.0,,0.0001,42,80,52,0.38551370051364736
learning_rate_sensitivity,Batch GD,4.0,,0.0001,42,80,53,0.3848702968200016
learning_rate_sensitivity,Batch GD,4.0,,0.0001,42,80,54,0.38423520000404193
learning_rate_sensitivity,Batch GD,4.0,,0.0001,42,80,55,0.3836081505868073
learning_rate_sensitivity,Batch GD,4.0,,0.0001,42,80,56,0.3829889027426591
learning_rate_sensitivity,Batch GD,4.0,,0.0001,42,80,57,0.3823772233236607
learning_rate_sensitivity,Batch GD,4.0,,0.0001,42,80,58,0.38177289096956685
learning_rate_sensitivity,Batch GD,4.0,,0.0001,42,80,59,0.3811756952946767
learning_rate_sensitivity,Batch GD,4.0,,0.0001,42,80,60,0.3805854361438057
learning_rate_sensitivity,Batch GD,4.0,,0.0001,42,80,61,0.38000192291052143
learning_rate_sensitivity,Batch GD,4.0,,0.0001,42,80,62,0.3794249739115503
learning_rate_sensitivity,Batch GD,4.0,,0.0001,42,80,63,0.37885441581193724
learning_rate_sensitivity,Batch GD,4.0,,0.0001,42,80,64,0.3782900830961381
learning_rate_sensitivity,Batch GD,4.0,,0.0001,42,80,65,0.3777318175807337
learning_rate_sensitivity,Batch GD,4.0,,0.0001,42,80,66,0.37717946796492186
learning_rate_sensitivity,Batch GD,4.0,,0.0001,42,80,67,0.3766328894153431
learning_rate_sensitivity,Batch GD,4.0,,0.0001,42,80,68,0.37609194318215083
learning_rate_sensitivity,Batch GD,4.0,,0.0001,42,80,69,0.37555649624355725
learning_rate_sensitivity,Batch GD,4.0,,0.0001,42,80,70,0.3750264209763611
learning_rate_sensitivity,Batch GD,4.0,,0.0001,42,80,71,0.3745015948502146
learning_rate_sensitivity,Batch GD,4.0,,0.0001,42,80,72,0.3739819001436085
learning_rate_sensitivity,Batch GD,4.0,,0.0001,42,80,73,0.37346722367974716
learning_rate_sensitivity,Batch GD,4.0,,0.0001,42,80,74,0.37295745658066337
learning_rate_sensitivity,Batch GD,4.0,,0.0001,42,80,75,0.372452494038081
learning_rate_sensitivity,Batch GD,4.0,,0.0001,42,80,76,0.37195223509966896
learning_rate_sensitivity,Batch GD,4.0,,0.0001,42,80,77,0.37145658246945845
learning_rate_sensitivity,Batch GD,4.0,,0.0001,42,80,78,0.3709654423213075
learning_rate_sensitivity,Batch GD,4.0,,0.0001,42,80,79,0.370478724124398
learning_rate_sensitivity,Batch GD,4.0,,0.0001,42,80,80,0.3699963404798379
learning_rate_sensitivity,Batch GD,8.0,,0.0001,42,80,1,0.5397153485794433
learning_rate_sensitivity,Batch GD,8.0,,0.0001,42,80,2,0.44779923301199615
learning_rate_sensitivity,Batch GD,8.0,,0.0001,42,80,3,0.4379202288966854
learning_rate_sensitivity,Batch GD,8.0,,0.0001,42,80,4,0.4328004627383857
learning_rate_sensitivity,Batch GD,8.0,,0.0001,42,80,5,0.4284636913391752
learning_rate_sensitivity,Batch GD,8.0,,0.0001,42,80,6,0.4246655583465823
learning_rate_sensitivity,Batch GD,8.0,,0.0001,42,80,7,0.42127974507465143
learning_rate_sensitivity,Batch GD,8.0,,0.0001,42,80,8,0.4182193292362133
learning_rate_sensitivity,Batch GD,8.0,,0.0001,42,80,9,0.4154209724275202
learning_rate_sensitivity,Batch GD,8.0,,0.0001,42,80,10,0.41283749489652233
learning_rate_sensitivity,Batch GD,8.0,,0.0001,42,80,11,0.4104330539847761
learning_rate_sensitivity,Batch GD,8.0,,0.0001,42,80,12,0.408179939485002
learning_rate_sensitivity,Batch GD,8.0,,0.0001,42,80,13,0.40605638272882416
learning_rate_sensitivity,Batch GD,8.0,,0.0001,42,80,14,0.40404503104173134
learning_rate_sensitivity,Batch GD,8.0,,0.0001,42,80,15,0.40213186571719234
learning_rate_sensitivity,Batch GD,8.0,,0.0001,42,80,16,0.40030542171681455
learning_rate_sensitivity,Batch GD,8.0,,0.0001,42,80,17,0.3985562162110669
learning_rate_sensitivity,Batch GD,8.0,,0.0001,42,80,18,0.3968763240618955
learning_rate_sensitivity,Batch GD,8.0,,0.0001,42,80,19,0.3952590582708724
learning_rate_sensitivity,Batch GD,8.0,,0.0001,42,80,20,0.39369872647054116
learning_rate_sensitivity,Batch GD,8.0,,0.0001,42,80,21,0.39219044323174207
learning_rate_sensitivity,Batch GD,8.0,,0.0001,42,80,22,0.39072998384303764
learning_rate_sensitivity,Batch GD,8.0,,0.0001,42,80,23,0.38931366925771815
learning_rate_sensitivity,Batch GD,8.0,,0.0001,42,80,24,0.38793827471542075
learning_rate_sensitivity,Batch GD,8.0,,0.0001,42,80,25,0.3866009565275892
learning_rate_sensitivity,Batch GD,8.0,,0.0001,42,80,26,0.38529919293040094
learning_rate_sensitivity,Batch GD,8.0,,0.0001,42,80,27,0.38403073592949877
learning_rate_sensitivity,Batch GD,8.0,,0.0001,42,80,28,0.38279357180534207
learning_rate_sensitivity,Batch GD,8.0,,0.0001,42,80,29,0.3815858884964671
learning_rate_sensitivity,Batch GD,8.0,,0.0001,42,80,30,0.3804060484858461
learning_rate_sensitivity,Batch GD,8.0,,0.0001,42,80,31,0.3792525661216266
learning_rate_sensitivity,Batch GD,8.0,,0.0001,42,80,32,0.3781240885351742
learning_rate_sensitivity,Batch GD,8.0,,0.0001,42,80,33,0.3770193794960479
learning_rate_sensitivity,Batch GD,8.0,,0.0001,42,80,34,0.3759373056793813
learning_rate_sensitivity,Batch GD,8.0,,0.0001,42,80,35,0.3748768249263164
learning_rate_sensitivity,Batch GD,8.0,,0.0001,42,80,36,0.37383697616014916
learning_rate_sensitivity,Batch GD,8.0,,0.0001,42,80,37,0.3728168706851935
learning_rate_sensitivity,Batch GD,8.0,,0.0001,42,80,38,0.37181568464620823
learning_rate_sensitivity,Batch GD,8.0,,0.0001,42,80,39,0.37083265246660757
learning_rate_sensitivity,Batch GD,8.0,,0.0001,42,80,40,0.36986706111594875
learning_rate_sensitivity,Batch GD,8.0,,0.0001,42,80,41,0.3689182450831208
learning_rate_sensitivity,Batch GD,8.0,,0.0001,42,80,42,0.36798558195260067
learning_rate_sensitivity,Batch GD,8.0,,0.0001,42,80,43,0.36706848849815454
learning_rate_sensitivity,Batch GD,8.0,,0.0001,42,80,44,0.36616641722222526
learning_rate_sensitivity,Batch GD,8.0,,0.0001,42,80,45,0.36527885328063114
learning_rate_sensitivity,Batch GD,8.0,,0.0001,42,80,46,0.3644053117415526
learning_rate_sensitivity,Batch GD,8.0,,0.0001,42,80,47,0.36354533513553594
learning_rate_sensitivity,Batch GD,8.0,,0.0001,42,80,48,0.3626984912596679
learning_rate_sensitivity,Batch GD,8.0,,0.0001,42,80,49,0.361864371204436
learning_rate_sensitivity,Batch GD,8.0,,0.0001,42,80,50,0.36104258757628205
learning_rate_sensitivity,Batch GD,8.0,,0.0001,42,80,51,0.3602327728926186
learning_rate_sensitivity,Batch GD,8.0,,0.0001,42,80,52,0.3594345781292664
learning_rate_sensitivity,Batch GD,8.0,,0.0001,42,80,53,0.3586476714029515
learning_rate_sensitivity,Batch GD,8.0,,0.0001,42,80,54,0.35787173677379336
learning_rate_sensitivity,Batch GD,8.0,,0.0001,42,80,55,0.3571064731546557
learning_rate_sensitivity,Batch GD,8.0,,0.0001,42,80,56,0.3563515933158931
learning_rate_sensitivity,Batch GD,8.0,,0.0001,42,80,57,0.35560682297545837
learning_rate_sensitivity,Batch GD,8.0,,0.0001,42,80,58,0.3548718999655528
learning_rate_sensitivity,Batch GD,8.0,,0.0001,42,80,59,0.3541465734680621
learning_rate_sensitivity,Batch GD,8.0,,0.0001,42,80,60,0.353430603311932
learning_rate_sensitivity,Batch GD,8.0,,0.0001,42,80,61,0.35272375932643046
learning_rate_sensitivity,Batch GD,8.0,,0.0001,42,80,62,0.352025820744929
learning_rate_sensitivity,Batch GD,8.0,,0.0001,42,80,63,0.35133657565443727
learning_rate_sensitivity,Batch GD,8.0,,0.0001,42,80,64,0.3506558204866471
learning_rate_sensitivity,Batch GD,8.0,,0.0001,42,80,65,0.34998335954669896
learning_rate_sensitivity,Batch GD,8.0,,0.0001,42,80,66,0.34931900457629084
learning_rate_sensitivity,Batch GD,8.0,,0.0001,42,80,67,0.3486625743480956
learning_rate_sensitivity,Batch GD,8.0,,0.0001,42,80,68,0.34801389428877266
learning_rate_sensitivity,Batch GD,8.0,,0.0001,42,80,69,0.34737279612812727
learning_rate_sensitivity,Batch GD,8.0,,0.0001,42,80,70,0.3467391175722208
learning_rate_sensitivity,Batch GD,8.0,,0.0001,42,80,71,0.34611270199844574
learning_rate_sensitivity,Batch GD,8.0,,0.0001,42,80,72,0.34549339817077607
learning_rate_sensitivity,Batch GD,8.0,,0.0001,42,80,73,0.34488105997356966
learning_rate_sensitivity,Batch GD,8.0,,0.0001,42,80,74,0.344275546162454
learning_rate_sensitivity,Batch GD,8.0,,0.0001,42,80,75,0.34367672013096373
learning_rate_sensitivity,Batch GD,8.0,,0.0001,42,80,76,0.3430844496917166
learning_rate_sensitivity,Batch GD,8.0,,0.0001,42,80,77,0.3424986068710248
learning_rate_sensitivity,Batch GD,8.0,,0.0001,42,80,78,0.3419190677159403
learning_rate_sensitivity,Batch GD,8.0,,0.0001,42,80,79,0.3413457121128113
learning_rate_sensitivity,Batch GD,8.0,,0.0001,42,80,80,0.3407784236165196
learning_rate_sensitivity,Batch GD,12.0,,0.0001,42,80,1,0.7342463089501043
learning_rate_sensitivity,Batch GD,12.0,,0.0001,42,80,2,0.4537534606642574
learning_rate_sensitivity,Batch GD,12.0,,0.0001,42,80,3,0.4343876036525726
learning_rate_sensitivity,Batch GD,12.0,,0.0001,42,80,4,0.4280658648854594
learning_rate_sensitivity,Batch GD,12.0,,0.0001,42,80,5,0.4206092349985153
learning_rate_sensitivity,Batch GD,12.0,,0.0001,42,80,6,0.4159617534374669
learning_rate_sensitivity,Batch GD,12.0,,0.0001,42,80,7,0.4114708265656291
learning_rate_sensitivity,Batch GD,12.0,,0.0001,42,80,8,0.4078914082951602
learning_rate_sensitivity,Batch GD,12.0,,0.0001,42,80,9,0.40458387970973303
learning_rate_sensitivity,Batch GD,12.0,,0.0001,42,80,10,0.40165442198417983
learning_rate_sensitivity,Batch GD,12.0,,0.0001,42,80,11,0.3989326916159458
learning_rate_sensitivity,Batch GD,12.0,,0.0001,42,80,12,0.39641004938158
learning_rate_sensitivity,Batch GD,12.0,,0.0001,42,80,13,0.3940335484726389
learning_rate_sensitivity,Batch GD,12.0,,0.0001,42,80,14,0.3917848989950996
learning_rate_sensitivity,Batch GD,12.0,,0.0001,42,80,15,0.3896431606405139
learning_rate_sensitivity,Batch GD,12.0,,0.0001,42,80,16,0.3875952279488635
learning_rate_sensitivity,Batch GD,12.0,,0.0001,42,80,17,0.3856303419326813
learning_rate_sensitivity,Batch GD,12.0,,0.0001,42,80,18,0.38373992344140495
learning_rate_sensitivity,Batch GD,12.0,,0.0001,42,80,19,0.38191722889865864
learning_rate_sensitivity,Batch GD,12.0,,0.0001,42,80,20,0.38015640264720485
learning_rate_sensitivity,Batch GD,12.0,,0.0001,42,80,21,0.37845267751630507
learning_rate_sensitivity,Batch GD,12.0,,0.0001,42,80,22,0.3768018011136331
learning_rate_sensitivity,Batch GD,12.0,,0.0001,42,80,23,0.37520016686933627
learning_rate_sensitivity,Batch GD,12.0,,0.0001,42,80,24,0.37364452618642935
learning_rate_sensitivity,Batch GD,12.0,,0.0001,42,80,25,0.37213203924376437
learning_rate_sensitivity,Batch GD,12.0,,0.0001,42,80,26,0.3706601331544072
learning_rate_sensitivity,Batch GD,12.0,,0.0001,42,80,27,0.3692265125207928
learning_rate_sensitivity,Batch GD,12.0,,0.0001,42,80,28,0.36782908660950453
learning_rate_sensitivity,Batch GD,12.0,,0.0001,42,80,29,0.3664659640561803
learning_rate_sensitivity,Batch GD,12.0,,0.0001,42,80,30,0.3651354128377503
learning_rate_sensitivity,Batch GD,12.0,,0.0001,42,80,31,0.3638358503170933
learning_rate_sensitivity,Batch GD,12.0,,0.0001,42,80,32,0.3625658194453234
learning_rate_sensitivity,Batch GD,12.0,,0.0001,42,80,33,0.36132397860516885
learning_rate_sensitivity,Batch GD,12.0,,0.0001,42,80,34,0.36010908634021443
learning_rate_sensitivity,Batch GD,12.0,,0.0001,42,80,35,0.3589199924803256
learning_rate_sensitivity,Batch GD,12.0,,0.0001,42,80,36,0.35775562767785135
learning_rate_sensitivity,Batch GD,12.0,,0.0001,42,80,37,0.35661499610087644
learning_rate_sensitivity,Batch GD,12.0,,0.0001,42,80,38,0.35549716788376057
learning_rate_sensitivity,Batch GD,12.0,,0.0001,42,80,39,0.3544012732499687
learning_rate_sensitivity,Batch GD,12.0,,0.0001,42,80,40,0.3533264968520482
learning_rate_sensitivity,Batch GD,12.0,,0.0001,42,80,41,0.35227207307547986
learning_rate_sensitivity,Batch GD,12.0,,0.0001,42,80,42,0.35123728167431606
learning_rate_sensitivity,Batch GD,12.0,,0.0001,42,80,43,0.3502214440124133
learning_rate_sensitivity,Batch GD,12.0,,0.0001,42,80,44,0.3492239196272683
learning_rate_sensitivity,Batch GD,12.0,,0.0001,42,80,45,0.3482441032041665
learning_rate_sensitivity,Batch GD,12.0,,0.0001,42,80,46,0.3472814218271347
learning_rate_sensitivity,Batch GD,12.0,,0.0001,42,80,47,0.3463353325245517
learning_rate_sensitivity,Batch GD,12.0,,0.0001,42,80,48,0.34540532004133473
learning_rate_sensitivity,Batch GD,12.0,,0.0001,42,80,49,0.344490894831663
learning_rate_sensitivity,Batch GD,12.0,,0.0001,42,80,50,0.34359159123397726
learning_rate_sensitivity,Batch GD,12.0,,0.0001,42,80,51,0.3427069658158116
learning_rate_sensitivity,Batch GD,12.0,,0.0001,42,80,52,0.3418365958646901
learning_rate_sensitivity,Batch GD,12.0,,0.0001,42,80,53,0.34098007801243735
learning_rate_sensitivity,Batch GD,12.0,,0.0001,42,80,54,0.34013702697682113
learning_rate_sensitivity,Batch GD,12.0,,0.0001,42,80,55,0.3393070744095362
learning_rate_sensitivity,Batch GD,12.0,,0.0001,42,80,56,0.33848986783894813
learning_rate_sensitivity,Batch GD,12.0,,0.0001,42,80,57,0.3376850696985663
learning_rate_sensitivity,Batch GD,12.0,,0.0001,42,80,58,0.33689235643254833
learning_rate_sensitivity,Batch GD,12.0,,0.0001,42,80,59,0.3361114176709733
learning_rate_sensitivity,Batch GD,12.0,,0.0001,42,80,60,0.3353419554681659
learning_rate_sensitivity,Batch GD,12.0,,0.0001,42,80,61,0.3345836835982667
learning_rate_sensitivity,Batch GD,12.0,,0.0001,42,80,62,0.333836326902766
learning_rate_sensitivity,Batch GD,12.0,,0.0001,42,80,63,0.33309962068535043
learning_rate_sensitivity,Batch GD,12.0,,0.0001,42,80,64,0.33237331014986143
learning_rate_sensitivity,Batch GD,12.0,,0.0001,42,80,65,0.3316571498776201
learning_rate_sensitivity,Batch GD,12.0,,0.0001,42,80,66,0.3309509033407432
learning_rate_sensitivity,Batch GD,12.0,,0.0001,42,80,67,0.3302543424484186
learning_rate_sensitivity,Batch GD,12.0,,0.0001,42,80,68,0.3295672471234079
learning_rate_sensitivity,Batch GD,12.0,,0.0001,42,80,69,0.3288894049063038
learning_rate_sensitivity,Batch GD,12.0,,0.0001,42,80,70,0.3282206105853145
learning_rate_sensitivity,Batch GD,12.0,,0.0001,42,80,71,0.32756066584955223
learning_rate_sensitivity,Batch GD,12.0,,0.0001,42,80,72,0.32690937896399114
learning_rate_sensitivity,Batch GD,12.0,,0.0001,42,80,73,0.3262665644644317
learning_rate_sensitivity,Batch GD,12.0,,0.0001,42,80,74,0.32563204287095565
learning_rate_sensitivity,Batch GD,12.0,,0.0001,42,80,75,0.3250056404184891
learning_rate_sensitivity,Batch GD,12.0,,0.0001,42,80,76,0.32438718880322026
learning_rate_sensitivity,Batch GD,12.0,,0.0001,42,80,77,0.32377652494371695
learning_rate_sensitivity,Batch GD,12.0,,0.0001,42,80,78,0.32317349075569574
learning_rate_sensitivity,Batch GD,12.0,,0.0001,42,80,79,0.3225779329394776
learning_rate_sensitivity,Batch GD,12.0,,0.0001,42,80,80,0.321989702779251
learning_rate_sensitivity,SGD,0.005,,0.0001,42,80,1,0.436707540859596
learning_rate_sensitivity,SGD,0.005,,0.0001,42,80,2,0.4214452739555037
learning_rate_sensitivity,SGD,0.005,,0.0001,42,80,3,0.41108745386269974
learning_rate_sensitivity,SGD,0.005,,0.0001,42,80,4,0.4032321560745803
learning_rate_sensitivity,SGD,0.005,,0.0001,42,80,5,0.39646525964214885
learning_rate_sensitivity,SGD,0.005,,0.0001,42,80,6,0.39079011011856535
learning_rate_sensitivity,SGD,0.005,,0.0001,42,80,7,0.3856252178988393
learning_rate_sensitivity,SGD,0.005,,0.0001,42,80,8,0.38103721957402936
learning_rate_sensitivity,SGD,0.005,,0.0001,42,80,9,0.37679883549575605
learning_rate_sensitivity,SGD,0.005,,0.0001,42,80,10,0.37288409106434584
learning_rate_sensitivity,SGD,0.005,,0.0001,42,80,11,0.3692537866637965
learning_rate_sensitivity,SGD,0.005,,0.0001,42,80,12,0.3658790800528843
learning_rate_sensitivity,SGD,0.005,,0.0001,42,80,13,0.36263377994268015
learning_rate_sensitivity,SGD,0.005,,0.0001,42,80,14,0.359678675876245
learning_rate_sensitivity,SGD,0.005,,0.0001,42,80,15,0.35668762614320454
learning_rate_sensitivity,SGD,0.005,,0.0001,42,80,16,0.3544256400112812
learning_rate_sensitivity,SGD,0.005,,0.0001,42,80,17,0.3514613445193043
learning_rate_sensitivity,SGD,0.005,,0.0001,42,80,18,0.3488537832966403
learning_rate_sensitivity,SGD,0.005,,0.0001,42,80,19,0.34647219066060825
learning_rate_sensitivity,SGD,0.005,,0.0001,42,80,20,0.34418675959640505
learning_rate_sensitivity,SGD,0.005,,0.0001,42,80,21,0.34218460162896963
learning_rate_sensitivity,SGD,0.005,,0.0001,42,80,22,0.33991736296916647
learning_rate_sensitivity,SGD,0.005,,0.0001,42,80,23,0.3378696091830035
learning_rate_sensitivity,SGD,0.005,,0.0001,42,80,24,0.33596829647880583
learning_rate_sensitivity,SGD,0.005,,0.0001,42,80,25,0.3340370939681756
learning_rate_sensitivity,SGD,0.005,,0.0001,42,80,26,0.332321209420333
learning_rate_sensitivity,SGD,0.005,,0.0001,42,80,27,0.3306073500377896
learning_rate_sensitivity,SGD,0.005,,0.0001,42,80,28,0.32881230522106425
learning_rate_sensitivity,SGD,0.005,,0.0001,42,80,29,0.32713949673461934
learning_rate_sensitivity,SGD,0.005,,0.0001,42,80,30,0.3255742295409003
learning_rate_sensitivity,SGD,0.005,,0.0001,42,80,31,0.3240207611882984
learning_rate_sensitivity,SGD,0.005,,0.0001,42,80,32,0.32268390776034817
learning_rate_sensitivity,SGD,0.005,,0.0001,42,80,33,0.321387496771506
learning_rate_sensitivity,SGD,0.005,,0.0001,42,80,34,0.31986942819955055
learning_rate_sensitivity,SGD,0.005,,0.0001,42,80,35,0.31833343147280785
learning_rate_sensitivity,SGD,0.005,,0.0001,42,80,36,0.31704144032550746
learning_rate_sensitivity,SGD,0.005,,0.0001,42,80,37,0.3157370606202717
learning_rate_sensitivity,SGD,0.005,,0.0001,42,80,38,0.31486735596941173
learning_rate_sensitivity,SGD,0.005,,0.0001,42,80,39,0.31327603386621716
learning_rate_sensitivity,SGD,0.005,,0.0001,42,80,40,0.3121052149851367
learning_rate_sensitivity,SGD,0.005,,0.0001,42,80,41,0.3110002771500664
learning_rate_sensitivity,SGD,0.005,,0.0001,42,80,42,0.3098585116481825
learning_rate_sensitivity,SGD,0.005,,0.0001,42,80,43,0.30878088129409126
learning_rate_sensitivity,SGD,0.005,,0.0001,42,80,44,0.3077475685918865
learning_rate_sensitivity,SGD,0.005,,0.0001,42,80,45,0.3066497145755191
learning_rate_sensitivity,SGD,0.005,,0.0001,42,80,46,0.3056128318094402
learning_rate_sensitivity,SGD,0.005,,0.0001,42,80,47,0.304630516822427
learning_rate_sensitivity,SGD,0.005,,0.0001,42,80,48,0.3036806309451104
learning_rate_sensitivity,SGD,0.005,,0.0001,42,80,49,0.3028861648191858
learning_rate_sensitivity,SGD,0.005,,0.0001,42,80,50,0.30181435620430974
learning_rate_sensitivity,SGD,0.005,,0.0001,42,80,51,0.30099039524315435
learning_rate_sensitivity,SGD,0.005,,0.0001,42,80,52,0.30016739987845803
learning_rate_sensitivity,SGD,0.005,,0.0001,42,80,53,0.2992522591835163
learning_rate_sensitivity,SGD,0.005,,0.0001,42,80,54,0.29835700058532516
learning_rate_sensitivity,SGD,0.005,,0.0001,42,80,55,0.2975237169446113
learning_rate_sensitivity,SGD,0.005,,0.0001,42,80,56,0.2967469003866966
learning_rate_sensitivity,SGD,0.005,,0.0001,42,80,57,0.2959827458061881
learning_rate_sensitivity,SGD,0.005,,0.0001,42,80,58,0.2951914095703241
learning_rate_sensitivity,SGD,0.005,,0.0001,42,80,59,0.29444760217870797
learning_rate_sensitivity,SGD,0.005,,0.0001,42,80,60,0.29383986164416753
learning_rate_sensitivity,SGD,0.005,,0.0001,42,80,61,0.2929955741724331
learning_rate_sensitivity,SGD,0.005,,0.0001,42,80,62,0.2923223992185125
learning_rate_sensitivity,SGD,0.005,,0.0001,42,80,63,0.2916739775311899
learning_rate_sensitivity,SGD,0.005,,0.0001,42,80,64,0.29090822693305085
learning_rate_sensitivity,SGD,0.005,,0.0001,42,80,65,0.2904570858484566
learning_rate_sensitivity,SGD,0.005,,0.0001,42,80,66,0.28961580808043025
learning_rate_sensitivity,SGD,0.005,,0.0001,42,80,67,0.28906796795108997
learning_rate_sensitivity,SGD,0.005,,0.0001,42,80,68,0.2883830332691926
learning_rate_sensitivity,SGD,0.005,,0.0001,42,80,69,0.28774801168167063
learning_rate_sensitivity,SGD,0.005,,0.0001,42,80,70,0.28717630339583305
learning_rate_sensitivity,SGD,0.005,,0.0001,42,80,71,0.28655909719470857
learning_rate_sensitivity,SGD,0.005,,0.0001,42,80,72,0.2861375763805105
learning_rate_sensitivity,SGD,0.005,,0.0001,42,80,73,0.2854842224856588
learning_rate_sensitivity,SGD,0.005,,0.0001,42,80,74,0.28486452582732197
learning_rate_sensitivity,SGD,0.005,,0.0001,42,80,75,0.2843066989227743
learning_rate_sensitivity,SGD,0.005,,0.0001,42,80,76,0.28377515024782685
learning_rate_sensitivity,SGD,0.005,,0.0001,42,80,77,0.2833340909939966
learning_rate_sensitivity,SGD,0.005,,0.0001,42,80,78,0.28277565089182166
learning_rate_sensitivity,SGD,0.005,,0.0001,42,80,79,0.28223542752893005
learning_rate_sensitivity,SGD,0.005,,0.0001,42,80,80,0.28177884417921345
learning_rate_sensitivity,SGD,0.02,,0.0001,42,80,1,0.40321824261091854
learning_rate_sensitivity,SGD,0.02,,0.0001,42,80,2,0.3810260177220372
learning_rate_sensitivity,SGD,0.02,,0.0001,42,80,3,0.36646566538946107
learning_rate_sensitivity,SGD,0.02,,0.0001,42,80,4,0.35549367850412716
learning_rate_sensitivity,SGD,0.02,,0.0001,42,80,5,0.34507766428349446
learning_rate_sensitivity,SGD,0.02,,0.0001,42,80,6,0.33585977649548143
learning_rate_sensitivity,SGD,0.02,,0.0001,42,80,7,0.3287650366559581
learning_rate_sensitivity,SGD,0.02,,0.0001,42,80,8,0.32322455897725294
learning_rate_sensitivity,SGD,0.02,,0.0001,42,80,9,0.31693984080247556
learning_rate_sensitivity,SGD,0.02,,0.0001,42,80,10,0.31207555886446164
learning_rate_sensitivity,SGD,0.02,,0.0001,42,80,11,0.30759952059556367
learning_rate_sensitivity,SGD,0.02,,0.0001,42,80,12,0.30364171681152724
learning_rate_sensitivity,SGD,0.02,,0.0001,42,80,13,0.29995721234711803
learning_rate_sensitivity,SGD,0.02,,0.0001,42,80,14,0.29725723799311593
learning_rate_sensitivity,SGD,0.02,,0.0001,42,80,15,0.29364213964862634
learning_rate_sensitivity,SGD,0.02,,0.0001,42,80,16,0.29296635116628456
learning_rate_sensitivity,SGD,0.02,,0.0001,42,80,17,0.28831659311424607
learning_rate_sensitivity,SGD,0.02,,0.0001,42,80,18,0.28589531835798465
learning_rate_sensitivity,SGD,0.02,,0.0001,42,80,19,0.28370447320872205
learning_rate_sensitivity,SGD,0.02,,0.0001,42,80,20,0.2816398365225747
learning_rate_sensitivity,SGD,0.02,,0.0001,42,80,21,0.28038684306089473
learning_rate_sensitivity,SGD,0.02,,0.0001,42,80,22,0.27798697127981103
learning_rate_sensitivity,SGD,0.02,,0.0001,42,80,23,0.27646098363573035
learning_rate_sensitivity,SGD,0.02,,0.0001,42,80,24,0.27488280847986174
learning_rate_sensitivity,SGD,0.02,,0.0001,42,80,25,0.27333311673348126
learning_rate_sensitivity,SGD,0.02,,0.0001,42,80,26,0.2725799244463235
learning_rate_sensitivity,SGD,0.02,,0.0001,42,80,27,0.2706903530401411
learning_rate_sensitivity,SGD,0.02,,0.0001,42,80,28,0.2694882422235171
learning_rate_sensitivity,SGD,0.02,,0.0001,42,80,29,0.26842887930878573
learning_rate_sensitivity,SGD,0.02,,0.0001,42,80,30,0.2674579799697223
learning_rate_sensitivity,SGD,0.02,,0.0001,42,80,31,0.2663518203217525
learning_rate_sensitivity,SGD,0.02,,0.0001,42,80,32,0.2654308881888584
learning_rate_sensitivity,SGD,0.02,,0.0001,42,80,33,0.26581412865124776
learning_rate_sensitivity,SGD,0.02,,0.0001,42,80,34,0.26501733553299694
learning_rate_sensitivity,SGD,0.02,,0.0001,42,80,35,0.2628580064351762
learning_rate_sensitivity,SGD,0.02,,0.0001,42,80,36,0.2624576278890573
learning_rate_sensitivity,SGD,0.02,,0.0001,42,80,37,0.2613397870919695
learning_rate_sensitivity,SGD,0.02,,0.0001,42,80,38,0.26251371184703076
learning_rate_sensitivity,SGD,0.02,,0.0001,42,80,39,0.26002693965405266
learning_rate_sensitivity,SGD,0.02,,0.0001,42,80,40,0.2595451424688968
learning_rate_sensitivity,SGD,0.02,,0.0001,42,80,41,0.25884737199060825
learning_rate_sensitivity,SGD,0.02,,0.0001,42,80,42,0.2583019448061443
learning_rate_sensitivity,SGD,0.02,,0.0001,42,80,43,0.2578405877669068
learning_rate_sensitivity,SGD,0.02,,0.0001,42,80,44,0.2572924781192654
learning_rate_sensitivity,SGD,0.02,,0.0001,42,80,45,0.2573065498301773
learning_rate_sensitivity,SGD,0.02,,0.0001,42,80,46,0.2563310707116451
learning_rate_sensitivity,SGD,0.02,,0.0001,42,80,47,0.2559516801333699
learning_rate_sensitivity,SGD,0.02,,0.0001,42,80,48,0.25552712739407224
learning_rate_sensitivity,SGD,0.02,,0.0001,42,80,49,0.2554915660923156
learning_rate_sensitivity,SGD,0.02,,0.0001,42,80,50,0.2547183514956944
learning_rate_sensitivity,SGD,0.02,,0.0001,42,80,51,0.25474541275016954
learning_rate_sensitivity,SGD,0.02,,0.0001,42,80,52,0.25480053494515614
learning_rate_sensitivity,SGD,0.02,,0.0001,42,80,53,0.2537444837354218
learning_rate_sensitivity,SGD,0.02,,0.0001,42,80,54,0.2534062033355013
learning_rate_sensitivity,SGD,0.02,,0.0001,42,80,55,0.25310101997918116
learning_rate_sensitivity,SGD,0.02,,0.0001,42,80,56,0.2528468353832002
learning_rate_sensitivity,SGD,0.02,,0.0001,42,80,57,0.25260705260706195
learning_rate_sensitivity,SGD,0.02,,0.0001,42,80,58,0.25233060686674724
learning_rate_sensitivity,SGD,0.02,,0.0001,42,80,59,0.25238511294378246
learning_rate_sensitivity,SGD,0.02,,0.0001,42,80,60,0.2522177805211353
learning_rate_sensitivity,SGD,0.02,,0.0001,42,80,61,0.25185112425557465
learning_rate_sensitivity,SGD,0.02,,0.0001,42,80,62,0.2520004308954488
learning_rate_sensitivity,SGD,0.02,,0.0001,42,80,63,0.25130666904249493
learning_rate_sensitivity,SGD,0.02,,0.0001,42,80,64,0.2510523335554893
learning_rate_sensitivity,SGD,0.02,,0.0001,42,80,65,0.2525569792878496
learning_rate_sensitivity,SGD,0.02,,0.0001,42,80,66,0.2506944598149007
learning_rate_sensitivity,SGD,0.02,,0.0001,42,80,67,0.25082652021864
learning_rate_sensitivity,SGD,0.02,,0.0001,42,80,68,0.2505691020073017
learning_rate_sensitivity,SGD,0.02,,0.0001,42,80,69,0.2500817793000319
learning_rate_sensitivity,SGD,0.02,,0.0001,42,80,70,0.2503621877009684
learning_rate_sensitivity,SGD,0.02,,0.0001,42,80,71,0.2497766142741629
learning_rate_sensitivity,SGD,0.02,,0.0001,42,80,72,0.25123718591004707
learning_rate_sensitivity,SGD,0.02,,0.0001,42,80,73,0.24952878894105562
learning_rate_sensitivity,SGD,0.02,,0.0001,42,80,74,0.24975877557068876
learning_rate_sensitivity,SGD,0.02,,0.0001,42,80,75,0.24929890118807688
learning_rate_sensitivity,SGD,0.02,,0.0001,42,80,76,0.24920548156048333
learning_rate_sensitivity,SGD,0.02,,0.0001,42,80,77,0.24915376924410537
learning_rate_sensitivity,SGD,0.02,,0.0001,42,80,78,0.2493524665375133
learning_rate_sensitivity,SGD,0.02,,0.0001,42,80,79,0.24879319082581783
learning_rate_sensitivity,SGD,0.02,,0.0001,42,80,80,0.2492037703675865
learning_rate_sensitivity,SGD,0.05,,0.0001,42,80,1,0.3730673026694482
learning_rate_sensitivity,SGD,0.05,,0.0001,42,80,2,0.34398237558034983
learning_rate_sensitivity,SGD,0.05,,0.0001,42,80,3,0.3271137674251225
learning_rate_sensitivity,SGD,0.05,,0.0001,42,80,4,0.3165672610944728
learning_rate_sensitivity,SGD,0.05,,0.0001,42,80,5,0.3052161696143602
learning_rate_sensitivity,SGD,0.05,,0.0001,42,80,6,0.2934888937906726
learning_rate_sensitivity,SGD,0.05,,0.0001,42,80,7,0.2871467616025603
learning_rate_sensitivity,SGD,0.05,,0.0001,42,80,8,0.28434333721487853
learning_rate_sensitivity,SGD,0.05,,0.0001,42,80,9,0.2770874731971689
learning_rate_sensitivity,SGD,0.05,,0.0001,42,80,10,0.274868577355586
learning_rate_sensitivity,SGD,0.05,,0.0001,42,80,11,0.26995687998744367
learning_rate_sensitivity,SGD,0.05,,0.0001,42,80,12,0.2672282536731679
learning_rate_sensitivity,SGD,0.05,,0.0001,42,80,13,0.26487155450419536
learning_rate_sensitivity,SGD,0.05,,0.0001,42,80,14,0.2636927422999216
learning_rate_sensitivity,SGD,0.05,,0.0001,42,80,15,0.26102171446742484
learning_rate_sensitivity,SGD,0.05,,0.0001,42,80,16,0.261538250412611
learning_rate_sensitivity,SGD,0.05,,0.0001,42,80,17,0.2579047734309966
learning_rate_sensitivity,SGD,0.05,,0.0001,42,80,18,0.25673103833734856
learning_rate_sensitivity,SGD,0.05,,0.0001,42,80,19,0.25567512915039364
learning_rate_sensitivity,SGD,0.05,,0.0001,42,80,20,0.2546146212677066
learning_rate_sensitivity,SGD,0.05,,0.0001,42,80,21,0.25556950604644163
learning_rate_sensitivity,SGD,0.05,,0.0001,42,80,22,0.2530989836785525
learning_rate_sensitivity,SGD,0.05,,0.0001,42,80,23,0.25285986622561785
learning_rate_sensitivity,SGD,0.05,,0.0001,42,80,24,0.2518361701701904
learning_rate_sensitivity,SGD,0.05,,0.0001,42,80,25,0.25133560663076615
learning_rate_sensitivity,SGD,0.05,,0.0001,42,80,26,0.25139089469473636
learning_rate_sensitivity,SGD,0.05,,0.0001,42,80,27,0.2506028824093113
learning_rate_sensitivity,SGD,0.05,,0.0001,42,80,28,0.24990462541686773
learning_rate_sensitivity,SGD,0.05,,0.0001,42,80,29,0.2498751648816114
learning_rate_sensitivity,SGD,0.05,,0.0001,42,80,30,0.25004570494369227
learning_rate_sensitivity,SGD,0.05,,0.0001,42,80,31,0.24922283901127845
learning_rate_sensitivity,SGD,0.05,,0.0001,42,80,32,0.24864199954463337
learning_rate_sensitivity,SGD,0.05,,0.0001,42,80,33,0.25025972935492674
learning_rate_sensitivity,SGD,0.05,,0.0001,42,80,34,0.251988655210105
learning_rate_sensitivity,SGD,0.05,,0.0001,42,80,35,0.2480655984764848
learning_rate_sensitivity,SGD,0.05,,0.0001,42,80,36,0.24962468561626658
learning_rate_sensitivity,SGD,0.05,,0.0001,42,80,37,0.2477008966927895
learning_rate_sensitivity,SGD,0.05,,0.0001,42,80,38,0.2498449067378691
learning_rate_sensitivity,SGD,0.05,,0.0001,42,80,39,0.2482128322015813
learning_rate_sensitivity,SGD,0.05,,0.0001,42,80,40,0.24759467302290303
learning_rate_sensitivity,SGD,0.05,,0.0001,42,80,41,0.24734517460023314
learning_rate_sensitivity,SGD,0.05,,0.0001,42,80,42,0.24737251383335024
learning_rate_sensitivity,SGD,0.05,,0.0001,42,80,43,0.2474245057468625
learning_rate_sensitivity,SGD,0.05,,0.0001,42,80,44,0.24690360637992953
learning_rate_sensitivity,SGD,0.05,,0.0001,42,80,45,0.24851600899670678
learning_rate_sensitivity,SGD,0.05,,0.0001,42,80,46,0.24679541680780462
learning_rate_sensitivity,SGD,0.05,,0.0001,42,80,47,0.24715669585031716
learning_rate_sensitivity,SGD,0.05,,0.0001,42,80,48,0.24708122348491832
learning_rate_sensitivity,SGD,0.05,,0.0001,42,80,49,0.246680550095078
learning_rate_sensitivity,SGD,0.05,,0.0001,42,80,50,0.24657288854760245
learning_rate_sensitivity,SGD,0.05,,0.0001,42,80,51,0.24696262181369272
learning_rate_sensitivity,SGD,0.05,,0.0001,42,80,52,0.2477753819303042
learning_rate_sensitivity,SGD,0.05,,0.0001,42,80,53,0.24668941793648672
learning_rate_sensitivity,SGD,0.05,,0.0001,42,80,54,0.24643050486727586
learning_rate_sensitivity,SGD,0.05,,0.0001,42,80,55,0.24634696938489128
learning_rate_sensitivity,SGD,0.05,,0.0001,42,80,56,0.2463195737097861
learning_rate_sensitivity,SGD,0.05,,0.0001,42,80,57,0.24637936623672055
learning_rate_sensitivity,SGD,0.05,,0.0001,42,80,58,0.24639757294682396
learning_rate_sensitivity,SGD,0.05,,0.0001,42,80,59,0.24752759810138744
learning_rate_sensitivity,SGD,0.05,,0.0001,42,80,60,0.24662240619735556
learning_rate_sensitivity,SGD,0.05,,0.0001,42,80,61,0.24736815181422098
learning_rate_sensitivity,SGD,0.05,,0.0001,42,80,62,0.2470632015258309
learning_rate_sensitivity,SGD,0.05,,0.0001,42,80,63,0.2461825770187866
learning_rate_sensitivity,SGD,0.05,,0.0001,42,80,64,0.24646771199373257
learning_rate_sensitivity,SGD,0.05,,0.0001,42,80,65,0.24936812420631638
learning_rate_sensitivity,SGD,0.05,,0.0001,42,80,66,0.24650169627367466
learning_rate_sensitivity,SGD,0.05,,0.0001,42,80,67,0.24614629016368847
learning_rate_sensitivity,SGD,0.05,,0.0001,42,80,68,0.24654524409756298
learning_rate_sensitivity,SGD,0.05,,0.0001,42,80,69,0.24611477234281498
learning_rate_sensitivity,SGD,0.05,,0.0001,42,80,70,0.24681105560452835
learning_rate_sensitivity,SGD,0.05,,0.0001,42,80,71,0.24622528973965876
learning_rate_sensitivity,SGD,0.05,,0.0001,42,80,72,0.2504658240732252
learning_rate_sensitivity,SGD,0.05,,0.0001,42,80,73,0.24654046352198822
learning_rate_sensitivity,SGD,0.05,,0.0001,42,80,74,0.24820198727304388
learning_rate_sensitivity,SGD,0.05,,0.0001,42,80,75,0.24608436754798757
learning_rate_sensitivity,SGD,0.05,,0.0001,42,80,76,0.24631918391974056
learning_rate_sensitivity,SGD,0.05,,0.0001,42,80,77,0.24631017763820906
learning_rate_sensitivity,SGD,0.05,,0.0001,42,80,78,0.2471277389371116
learning_rate_sensitivity,SGD,0.05,,0.0001,42,80,79,0.24618059210526205
learning_rate_sensitivity,SGD,0.05,,0.0001,42,80,80,0.24835225169401007
learning_rate_sensitivity,SGD,0.1,,0.0001,42,80,1,0.3438863945791296
learning_rate_sensitivity,SGD,0.1,,0.0001,42,80,2,0.311499666594274
learning_rate_sensitivity,SGD,0.1,,0.0001,42,80,3,0.29560750593726864
learning_rate_sensitivity,SGD,0.1,,0.0001,42,80,4,0.28901626908141276
learning_rate_sensitivity,SGD,0.1,,0.0001,42,80,5,0.27698251625537607
learning_rate_sensitivity,SGD,0.1,,0.0001,42,80,6,0.2670627135327816
learning_rate_sensitivity,SGD,0.1,,0.0001,42,80,7,0.262617749394625
learning_rate_sensitivity,SGD,0.1,,0.0001,42,80,8,0.2634458532078947
learning_rate_sensitivity,SGD,0.1,,0.0001,42,80,9,0.25727568966879705
learning_rate_sensitivity,SGD,0.1,,0.0001,42,80,10,0.25852138522411855
learning_rate_sensitivity,SGD,0.1,,0.0001,42,80,11,0.2528771870232699
learning_rate_sensitivity,SGD,0.1,,0.0001,42,80,12,0.25176435124993357
learning_rate_sensitivity,SGD,0.1,,0.0001,42,80,13,0.2506458293407636
learning_rate_sensitivity,SGD,0.1,,0.0001,42,80,14,0.25184164125172553
learning_rate_sensitivity,SGD,0.1,,0.0001,42,80,15,0.24919738441938594
learning_rate_sensitivity,SGD,0.1,,0.0001,42,80,16,0.25036888660990475
learning_rate_sensitivity,SGD,0.1,,0.0001,42,80,17,0.24818352678401476
learning_rate_sensitivity,SGD,0.1,,0.0001,42,80,18,0.24803622570610925
learning_rate_sensitivity,SGD,0.1,,0.0001,42,80,19,0.2484870444437146
learning_rate_sensitivity,SGD,0.1,,0.0001,42,80,20,0.24722101132404348
learning_rate_sensitivity,SGD,0.1,,0.0001,42,80,21,0.251728443673369
learning_rate_sensitivity,SGD,0.1,,0.0001,42,80,22,0.2473813041742388
learning_rate_sensitivity,SGD,0.1,,0.0001,42,80,23,0.2480458762271558
learning_rate_sensitivity,SGD,0.1,,0.0001,42,80,24,0.24688873113767174
learning_rate_sensitivity,SGD,0.1,,0.0001,42,80,25,0.24873612646099325
learning_rate_sensitivity,SGD,0.1,,0.0001,42,80,26,0.24688806964556795
learning_rate_sensitivity,SGD,0.1,,0.0001,42,80,27,0.24710025622497966
learning_rate_sensitivity,SGD,0.1,,0.0001,42,80,28,0.2464346436257832
learning_rate_sensitivity,SGD,0.1,,0.0001,42,80,29,0.24685798843451864
learning_rate_sensitivity,SGD,0.1,,0.0001,42,80,30,0.2491762507865777
learning_rate_sensitivity,SGD,0.1,,0.0001,42,80,31,0.24770300283472899
learning_rate_sensitivity,SGD,0.1,,0.0001,42,80,32,0.2463919391213772
learning_rate_sensitivity,SGD,0.1,,0.0001,42,80,33,0.24789586076346729
learning_rate_sensitivity,SGD,0.1,,0.0001,42,80,34,0.25162647526538084
learning_rate_sensitivity,SGD,0.1,,0.0001,42,80,35,0.24616951973940654
learning_rate_sensitivity,SGD,0.1,,0.0001,42,80,36,0.25080486238870164
learning_rate_sensitivity,SGD,0.1,,0.0001,42,80,37,0.24633359127103205
learning_rate_sensitivity,SGD,0.1,,0.0001,42,80,38,0.2481981020129919
learning_rate_sensitivity,SGD,0.1,,0.0001,42,80,39,0.24884211485839863
learning_rate_sensitivity,SGD,0.1,,0.0001,42,80,40,0.24703810519888642
learning_rate_sensitivity,SGD,0.1,,0.0001,42,80,41,0.2465985363861956
learning_rate_sensitivity,SGD,0.1,,0.0001,42,80,42,0.24665482108631834
learning_rate_sensitivity,SGD,0.1,,0.0001,42,80,43,0.2464515140784759
learning_rate_sensitivity,SGD,0.1,,0.0001,42,80,44,0.24609142193910066
learning_rate_sensitivity,SGD,0.1,,0.0001,42,80,45,0.2492134945096006
learning_rate_sensitivity,SGD,0.1,,0.0001,42,80,46,0.24636419249949087
learning_rate_sensitivity,SGD,0.1,,0.0001,42,80,47,0.24734330388709477
learning_rate_sensitivity,SGD,0.1,,0.0001,42,80,48,0.24789274813900858
learning_rate_sensitivity,SGD,0.1,,0.0001,42,80,49,0.24603108950618252
learning_rate_sensitivity,SGD,0.1,,0.0001,42,80,50,0.24638613136941756
learning_rate_sensitivity,SGD,0.1,,0.0001,42,80,51,0.24640562278293807
learning_rate_sensitivity,SGD,0.1,,0.0001,42,80,52,0.24715898049105683
learning_rate_sensitivity,SGD,0.1,,0.0001,42,80,53,0.24645303951518477
learning_rate_sensitivity,SGD,0.1,,0.0001,42,80,54,0.246352180365316
learning_rate_sensitivity,SGD,0.1,,0.0001,42,80,55,0.24603063745624276
learning_rate_sensitivity,SGD,0.1,,0.0001,42,80,56,0.2461217737000761
learning_rate_sensitivity,SGD,0.1,,0.0001,42,80,57,0.2461075080593401
learning_rate_sensitivity,SGD,0.1,,0.0001,42,80,58,0.2463161196958198
learning_rate_sensitivity,SGD,0.1,,0.0001,42,80,59,0.24783478953883192
learning_rate_sensitivity,SGD,0.1,,0.0001,42,80,60,0.24662635167246538
learning_rate_sensitivity,SGD,0.1,,0.0001,42,80,61,0.2482340601578305
learning_rate_sensitivity,SGD,0.1,,0.0001,42,80,62,0.24662185770442763
learning_rate_sensitivity,SGD,0.1,,0.0001,42,80,63,0.24605882679019028
learning_rate_sensitivity,SGD,0.1,,0.0001,42,80,64,0.2460463311053776
learning_rate_sensitivity,SGD,0.1,,0.0001,42,80,65,0.24986814332185855
learning_rate_sensitivity,SGD,0.1,,0.0001,42,80,66,0.24687502696862185
learning_rate_sensitivity,SGD,0.1,,0.0001,42,80,67,0.24627159440657165
learning_rate_sensitivity,SGD,0.1,,0.0001,42,80,68,0.24619538134477212
learning_rate_sensitivity,SGD,0.1,,0.0001,42,80,69,0.24630403623753663
learning_rate_sensitivity,SGD,0.1,,0.0001,42,80,70,0.24656471016115306
learning_rate_sensitivity,SGD,0.1,,0.0001,42,80,71,0.2469595443803792
learning_rate_sensitivity,SGD,0.1,,0.0001,42,80,72,0.25529023431099085
learning_rate_sensitivity,SGD,0.1,,0.0001,42,80,73,0.24823727217120117
learning_rate_sensitivity,SGD,0.1,,0.0001,42,80,74,0.25032586540943896
learning_rate_sensitivity,SGD,0.1,,0.0001,42,80,75,0.24606855440394526
learning_rate_sensitivity,SGD,0.1,,0.0001,42,80,76,0.24680012427712364
learning_rate_sensitivity,SGD,0.1,,0.0001,42,80,77,0.24623906661791398
learning_rate_sensitivity,SGD,0.1,,0.0001,42,80,78,0.24770053100949738
learning_rate_sensitivity,SGD,0.1,,0.0001,42,80,79,0.24725041019710686
learning_rate_sensitivity,SGD,0.1,,0.0001,42,80,80,0.25080462961296135
learning_rate_sensitivity,Mini-batch GD,0.1,64,0.0001,42,80,1,0.4590511966950521
learning_rate_sensitivity,Mini-batch GD,0.1,64,0.0001,42,80,2,0.4453572250664618
learning_rate_sensitivity,Mini-batch GD,0.1,64,0.0001,42,80,3,0.43803249546672973
learning_rate_sensitivity,Mini-batch GD,0.1,64,0.0001,42,80,4,0.4322168950801723
learning_rate_sensitivity,Mini-batch GD,0.1,64,0.0001,42,80,5,0.4272775386196652
learning_rate_sensitivity,Mini-batch GD,0.1,64,0.0001,42,80,6,0.4230300452735317
learning_rate_sensitivity,Mini-batch GD,0.1,64,0.0001,42,80,7,0.41924704616267855
learning_rate_sensitivity,Mini-batch GD,0.1,64,0.0001,42,80,8,0.4158710966236499
learning_rate_sensitivity,Mini-batch GD,0.1,64,0.0001,42,80,9,0.41280977583369804
learning_rate_sensitivity,Mini-batch GD,0.1,64,0.0001,42,80,10,0.40999150073693363
learning_rate_sensitivity,Mini-batch GD,0.1,64,0.0001,42,80,11,0.40737248262935255
learning_rate_sensitivity,Mini-batch GD,0.1,64,0.0001,42,80,12,0.4049364019878173
learning_rate_sensitivity,Mini-batch GD,0.1,64,0.0001,42,80,13,0.4026407274410681
learning_rate_sensitivity,Mini-batch GD,0.1,64,0.0001,42,80,14,0.40047956455343675
learning_rate_sensitivity,Mini-batch GD,0.1,64,0.0001,42,80,15,0.39841389878692723
learning_rate_sensitivity,Mini-batch GD,0.1,64,0.0001,42,80,16,0.3964844267366293
learning_rate_sensitivity,Mini-batch GD,0.1,64,0.0001,42,80,17,0.3945841725659805
learning_rate_sensitivity,Mini-batch GD,0.1,64,0.0001,42,80,18,0.39278205203425026
learning_rate_sensitivity,Mini-batch GD,0.1,64,0.0001,42,80,19,0.391054835166915
learning_rate_sensitivity,Mini-batch GD,0.1,64,0.0001,42,80,20,0.38939069823973244
learning_rate_sensitivity,Mini-batch GD,0.1,64,0.0001,42,80,21,0.38779705611926785
learning_rate_sensitivity,Mini-batch GD,0.1,64,0.0001,42,80,22,0.3862275000223461
learning_rate_sensitivity,Mini-batch GD,0.1,64,0.0001,42,80,23,0.38471879746460885
learning_rate_sensitivity,Mini-batch GD,0.1,64,0.0001,42,80,24,0.38325904766009794
learning_rate_sensitivity,Mini-batch GD,0.1,64,0.0001,42,80,25,0.3818395728562344
learning_rate_sensitivity,Mini-batch GD,0.1,64,0.0001,42,80,26,0.38045609226956184
learning_rate_sensitivity,Mini-batch GD,0.1,64,0.0001,42,80,27,0.3791315844404878
learning_rate_sensitivity,Mini-batch GD,0.1,64,0.0001,42,80,28,0.3778003643287527
learning_rate_sensitivity,Mini-batch GD,0.1,64,0.0001,42,80,29,0.3765216902041954
learning_rate_sensitivity,Mini-batch GD,0.1,64,0.0001,42,80,30,0.3752748579995653
learning_rate_sensitivity,Mini-batch GD,0.1,64,0.0001,42,80,31,0.3740556422681785
learning_rate_sensitivity,Mini-batch GD,0.1,64,0.0001,42,80,32,0.37288091880537505
learning_rate_sensitivity,Mini-batch GD,0.1,64,0.0001,42,80,33,0.37170701326155847
learning_rate_sensitivity,Mini-batch GD,0.1,64,0.0001,42,80,34,0.37057549672528195
learning_rate_sensitivity,Mini-batch GD,0.1,64,0.0001,42,80,35,0.3694392722882582
learning_rate_sensitivity,Mini-batch GD,0.1,64,0.0001,42,80,36,0.36834873721032446
learning_rate_sensitivity,Mini-batch GD,0.1,64,0.0001,42,80,37,0.36727149937695264
learning_rate_sensitivity,Mini-batch GD,0.1,64,0.0001,42,80,38,0.36624593368124403
learning_rate_sensitivity,Mini-batch GD,0.1,64,0.0001,42,80,39,0.36518918974460757
learning_rate_sensitivity,Mini-batch GD,0.1,64,0.0001,42,80,40,0.36417600112200577
learning_rate_sensitivity,Mini-batch GD,0.1,64,0.0001,42,80,41,0.3631873434608525
learning_rate_sensitivity,Mini-batch GD,0.1,64,0.0001,42,80,42,0.36220489688324486
learning_rate_sensitivity,Mini-batch GD,0.1,64,0.0001,42,80,43,0.361264522154047
learning_rate_sensitivity,Mini-batch GD,0.1,64,0.0001,42,80,44,0.3602987712513955
learning_rate_sensitivity,Mini-batch GD,0.1,64,0.0001,42,80,45,0.3593665531665199
learning_rate_sensitivity,Mini-batch GD,0.1,64,0.0001,42,80,46,0.35845379654898507
learning_rate_sensitivity,Mini-batch GD,0.1,64,0.0001,42,80,47,0.35755700860499046
learning_rate_sensitivity,Mini-batch GD,0.1,64,0.0001,42,80,48,0.35667362777324446
learning_rate_sensitivity,Mini-batch GD,0.1,64,0.0001,42,80,49,0.355810537646786
learning_rate_sensitivity,Mini-batch GD,0.1,64,0.0001,42,80,50,0.3549471850346752
learning_rate_sensitivity,Mini-batch GD,0.1,64,0.0001,42,80,51,0.3541065533727003
learning_rate_sensitivity,Mini-batch GD,0.1,64,0.0001,42,80,52,0.35328085339613896
learning_rate_sensitivity,Mini-batch GD,0.1,64,0.0001,42,80,53,0.3524742898363433
learning_rate_sensitivity,Mini-batch GD,0.1,64,0.0001,42,80,54,0.35165565786286423
learning_rate_sensitivity,Mini-batch GD,0.1,64,0.0001,42,80,55,0.35085205108749773
learning_rate_sensitivity,Mini-batch GD,0.1,64,0.0001,42,80,56,0.3500711472480965
learning_rate_sensitivity,Mini-batch GD,0.1,64,0.0001,42,80,57,0.3492987606896081
learning_rate_sensitivity,Mini-batch GD,0.1,64,0.0001,42,80,58,0.34853678487695483
learning_rate_sensitivity,Mini-batch GD,0.1,64,0.0001,42,80,59,0.34778303027424945
learning_rate_sensitivity,Mini-batch GD,0.1,64,0.0001,42,80,60,0.34705456425023173
learning_rate_sensitivity,Mini-batch GD,0.1,64,0.0001,42,80,61,0.3463097267164336
learning_rate_sensitivity,Mini-batch GD,0.1,64,0.0001,42,80,62,0.3455891780373655
learning_rate_sensitivity,Mini-batch GD,0.1,64,0.0001,42,80,63,0.3448834041963185
learning_rate_sensitivity,Mini-batch GD,0.1,64,0.0001,42,80,64,0.34417412246632023
learning_rate_sensitivity,Mini-batch GD,0.1,64,0.0001,42,80,65,0.3434920922511241
learning_rate_sensitivity,Mini-batch GD,0.1,64,0.0001,42,80,66,0.34279297455156243
learning_rate_sensitivity,Mini-batch GD,0.1,64,0.0001,42,80,67,0.3421223786897083
learning_rate_sensitivity,Mini-batch GD,0.1,64,0.0001,42,80,68,0.3414483892147685
learning_rate_sensitivity,Mini-batch GD,0.1,64,0.0001,42,80,69,0.34078999698912543
learning_rate_sensitivity,Mini-batch GD,0.1,64,0.0001,42,80,70,0.34013711740069
learning_rate_sensitivity,Mini-batch GD,0.1,64,0.0001,42,80,71,0.3394966497950589
learning_rate_sensitivity,Mini-batch GD,0.1,64,0.0001,42,80,72,0.33886571498417817
learning_rate_sensitivity,Mini-batch GD,0.1,64,0.0001,42,80,73,0.338230057548333
learning_rate_sensitivity,Mini-batch GD,0.1,64,0.0001,42,80,74,0.337610037331615
learning_rate_sensitivity,Mini-batch GD,0.1,64,0.0001,42,80,75,0.3369916947096385
learning_rate_sensitivity,Mini-batch GD,0.1,64,0.0001,42,80,76,0.3363857728232669
learning_rate_sensitivity,Mini-batch GD,0.1,64,0.0001,42,80,77,0.33579587608659717
learning_rate_sensitivity,Mini-batch GD,0.1,64,0.0001,42,80,78,0.3351955958574877
learning_rate_sensitivity,Mini-batch GD,0.1,64,0.0001,42,80,79,0.3346101708439628
learning_rate_sensitivity,Mini-batch GD,0.1,64,0.0001,42,80,80,0.33402663543042926
learning_rate_sensitivity,Mini-batch GD,0.5,64,0.0001,42,80,1,0.427159358599619
learning_rate_sensitivity,Mini-batch GD,0.5,64,0.0001,42,80,2,0.4099500801504443
learning_rate_sensitivity,Mini-batch GD,0.5,64,0.0001,42,80,3,0.3984375914729422
learning_rate_sensitivity,Mini-batch GD,0.5,64,0.0001,42,80,4,0.38977377413638703
learning_rate_sensitivity,Mini-batch GD,0.5,64,0.0001,42,80,5,0.38180898818122605
learning_rate_sensitivity,Mini-batch GD,0.5,64,0.0001,42,80,6,0.3752940310758048
learning_rate_sensitivity,Mini-batch GD,0.5,64,0.0001,42,80,7,0.36941341765901353
learning_rate_sensitivity,Mini-batch GD,0.5,64,0.0001,42,80,8,0.36423338908702674
learning_rate_sensitivity,Mini-batch GD,0.5,64,0.0001,42,80,9,0.359341553271278
learning_rate_sensitivity,Mini-batch GD,0.5,64,0.0001,42,80,10,0.35492036417176726
learning_rate_sensitivity,Mini-batch GD,0.5,64,0.0001,42,80,11,0.35085804310143615
learning_rate_sensitivity,Mini-batch GD,0.5,64,0.0001,42,80,12,0.3471070996443125
learning_rate_sensitivity,Mini-batch GD,0.5,64,0.0001,42,80,13,0.3434978789673464
learning_rate_sensitivity,Mini-batch GD,0.5,64,0.0001,42,80,14,0.34036065329718845
learning_rate_sensitivity,Mini-batch GD,0.5,64,0.0001,42,80,15,0.3369698752845766
learning_rate_sensitivity,Mini-batch GD,0.5,64,0.0001,42,80,16,0.33500219996438146
learning_rate_sensitivity,Mini-batch GD,0.5,64,0.0001,42,80,17,0.3313577882162524
learning_rate_sensitivity,Mini-batch GD,0.5,64,0.0001,42,80,18,0.32854041005078594
learning_rate_sensitivity,Mini-batch GD,0.5,64,0.0001,42,80,19,0.326025622090526
learning_rate_sensitivity,Mini-batch GD,0.5,64,0.0001,42,80,20,0.32360512339461006
learning_rate_sensitivity,Mini-batch GD,0.5,64,0.0001,42,80,21,0.3216564215095598
learning_rate_sensitivity,Mini-batch GD,0.5,64,0.0001,42,80,22,0.3191545923268922
learning_rate_sensitivity,Mini-batch GD,0.5,64,0.0001,42,80,23,0.3170685054019087
learning_rate_sensitivity,Mini-batch GD,0.5,64,0.0001,42,80,24,0.31514984011203667
learning_rate_sensitivity,Mini-batch GD,0.5,64,0.0001,42,80,25,0.313149015530122
learning_rate_sensitivity,Mini-batch GD,0.5,64,0.0001,42,80,26,0.31156459798335123
learning_rate_sensitivity,Mini-batch GD,0.5,64,0.0001,42,80,27,0.30971044270915016
learning_rate_sensitivity,Mini-batch GD,0.5,64,0.0001,42,80,28,0.3079130027378386
learning_rate_sensitivity,Mini-batch GD,0.5,64,0.0001,42,80,29,0.30626212748895093
learning_rate_sensitivity,Mini-batch GD,0.5,64,0.0001,42,80,30,0.30474162886539796
learning_rate_sensitivity,Mini-batch GD,0.5,64,0.0001,42,80,31,0.303205218986655
learning_rate_sensitivity,Mini-batch GD,0.5,64,0.0001,42,80,32,0.30192285336494634
learning_rate_sensitivity,Mini-batch GD,0.5,64,0.0001,42,80,33,0.3010117482841097
learning_rate_sensitivity,Mini-batch GD,0.5,64,0.0001,42,80,34,0.2994139291514648
learning_rate_sensitivity,Mini-batch GD,0.5,64,0.0001,42,80,35,0.29774422813263457
learning_rate_sensitivity,Mini-batch GD,0.5,64,0.0001,42,80,36,0.2965592169129087
learning_rate_sensitivity,Mini-batch GD,0.5,64,0.0001,42,80,37,0.29527921586602224
learning_rate_sensitivity,Mini-batch GD,0.5,64,0.0001,42,80,38,0.2948863304003321
learning_rate_sensitivity,Mini-batch GD,0.5,64,0.0001,42,80,39,0.29298845883193725
learning_rate_sensitivity,Mini-batch GD,0.5,64,0.0001,42,80,40,0.2919334888240223
learning_rate_sensitivity,Mini-batch GD,0.5,64,0.0001,42,80,41,0.2908831782688332
learning_rate_sensitivity,Mini-batch GD,0.5,64,0.0001,42,80,42,0.2898275062741009
learning_rate_sensitivity,Mini-batch GD,0.5,64,0.0001,42,80,43,0.288817464264306
learning_rate_sensitivity,Mini-batch GD,0.5,64,0.0001,42,80,44,0.28795295187179265
learning_rate_sensitivity,Mini-batch GD,0.5,64,0.0001,42,80,45,0.28700690899285125
learning_rate_sensitivity,Mini-batch GD,0.5,64,0.0001,42,80,46,0.2860052964679129
learning_rate_sensitivity,Mini-batch GD,0.5,64,0.0001,42,80,47,0.28512537031049584
learning_rate_sensitivity,Mini-batch GD,0.5,64,0.0001,42,80,48,0.28428586632385694
learning_rate_sensitivity,Mini-batch GD,0.5,64,0.0001,42,80,49,0.28375818687732424
learning_rate_sensitivity,Mini-batch GD,0.5,64,0.0001,42,80,50,0.28263263507369646
learning_rate_sensitivity,Mini-batch GD,0.5,64,0.0001,42,80,51,0.2820115181430779
learning_rate_sensitivity,Mini-batch GD,0.5,64,0.0001,42,80,52,0.28135995068873887
learning_rate_sensitivity,Mini-batch GD,0.5,64,0.0001,42,80,53,0.28040235331516294
learning_rate_sensitivity,Mini-batch GD,0.5,64,0.0001,42,80,54,0.27963641113547516
learning_rate_sensitivity,Mini-batch GD,0.5,64,0.0001,42,80,55,0.27891960536722665
learning_rate_sensitivity,Mini-batch GD,0.5,64,0.0001,42,80,56,0.27827389378356565
learning_rate_sensitivity,Mini-batch GD,0.5,64,0.0001,42,80,57,0.27763430550302554
learning_rate_sensitivity,Mini-batch GD,0.5,64,0.0001,42,80,58,0.2769491897992854
learning_rate_sensitivity,Mini-batch GD,0.5,64,0.0001,42,80,59,0.2763512370957952
learning_rate_sensitivity,Mini-batch GD,0.5,64,0.0001,42,80,60,0.275941871223009
learning_rate_sensitivity,Mini-batch GD,0.5,64,0.0001,42,80,61,0.2751336437632102
learning_rate_sensitivity,Mini-batch GD,0.5,64,0.0001,42,80,62,0.27466789326351143
learning_rate_sensitivity,Mini-batch GD,0.5,64,0.0001,42,80,63,0.27408715998460015
learning_rate_sensitivity,Mini-batch GD,0.5,64,0.0001,42,80,64,0.27337837251167185
learning_rate_sensitivity,Mini-batch GD,0.5,64,0.0001,42,80,65,0.2733854829628878
learning_rate_sensitivity,Mini-batch GD,0.5,64,0.0001,42,80,66,0.2723551759402132
learning_rate_sensitivity,Mini-batch GD,0.5,64,0.0001,42,80,67,0.2720241480649127
learning_rate_sensitivity,Mini-batch GD,0.5,64,0.0001,42,80,68,0.2713968109038161
learning_rate_sensitivity,Mini-batch GD,0.5,64,0.0001,42,80,69,0.27082620013340436
learning_rate_sensitivity,Mini-batch GD,0.5,64,0.0001,42,80,70,0.27044868737118916
learning_rate_sensitivity,Mini-batch GD,0.5,64,0.0001,42,80,71,0.2698632424820212
learning_rate_sensitivity,Mini-batch GD,0.5,64,0.0001,42,80,72,0.26986227340787783
learning_rate_sensitivity,Mini-batch GD,0.5,64,0.0001,42,80,73,0.2690887975500834
learning_rate_sensitivity,Mini-batch GD,0.5,64,0.0001,42,80,74,0.26856040226733224
learning_rate_sensitivity,Mini-batch GD,0.5,64,0.0001,42,80,75,0.2681134006515589
learning_rate_sensitivity,Mini-batch GD,0.5,64,0.0001,42,80,76,0.2676970173883184
learning_rate_sensitivity,Mini-batch GD,0.5,64,0.0001,42,80,77,0.2673895394392382
learning_rate_sensitivity,Mini-batch GD,0.5,64,0.0001,42,80,78,0.2669958758763831
learning_rate_sensitivity,Mini-batch GD,0.5,64,0.0001,42,80,79,0.26649213867494065
learning_rate_sensitivity,Mini-batch GD,0.5,64,0.0001,42,80,80,0.2662208307018198
learning_rate_sensitivity,Mini-batch GD,1.0,64,0.0001,42,80,1,0.41002585466908603
learning_rate_sensitivity,Mini-batch GD,1.0,64,0.0001,42,80,2,0.38937293844066156
learning_rate_sensitivity,Mini-batch GD,1.0,64,0.0001,42,80,3,0.37562305745954905
learning_rate_sensitivity,Mini-batch GD,1.0,64,0.0001,42,80,4,0.36543561370950334
learning_rate_sensitivity,Mini-batch GD,1.0,64,0.0001,42,80,5,0.35541152884699717
learning_rate_sensitivity,Mini-batch GD,1.0,64,0.0001,42,80,6,0.3469803210793863
learning_rate_sensitivity,Mini-batch GD,1.0,64,0.0001,42,80,7,0.3400814895362727
learning_rate_sensitivity,Mini-batch GD,1.0,64,0.0001,42,80,8,0.3344482378297102
learning_rate_sensitivity,Mini-batch GD,1.0,64,0.0001,42,80,9,0.3284780116529441
learning_rate_sensitivity,Mini-batch GD,1.0,64,0.0001,42,80,10,0.3235776620392151
learning_rate_sensitivity,Mini-batch GD,1.0,64,0.0001,42,80,11,0.3191047432652391
learning_rate_sensitivity,Mini-batch GD,1.0,64,0.0001,42,80,12,0.3150891746671809
learning_rate_sensitivity,Mini-batch GD,1.0,64,0.0001,42,80,13,0.3112901211347799
learning_rate_sensitivity,Mini-batch GD,1.0,64,0.0001,42,80,14,0.30839469667085817
learning_rate_sensitivity,Mini-batch GD,1.0,64,0.0001,42,80,15,0.3046921952874002
learning_rate_sensitivity,Mini-batch GD,1.0,64,0.0001,42,80,16,0.30365757972437984
learning_rate_sensitivity,Mini-batch GD,1.0,64,0.0001,42,80,17,0.29907571784991216
learning_rate_sensitivity,Mini-batch GD,1.0,64,0.0001,42,80,18,0.29644981116678754
learning_rate_sensitivity,Mini-batch GD,1.0,64,0.0001,42,80,19,0.29407776845738653
learning_rate_sensitivity,Mini-batch GD,1.0,64,0.0001,42,80,20,0.29183181273726316
learning_rate_sensitivity,Mini-batch GD,1.0,64,0.0001,42,80,21,0.29035302692608655
learning_rate_sensitivity,Mini-batch GD,1.0,64,0.0001,42,80,22,0.28779729287581457
learning_rate_sensitivity,Mini-batch GD,1.0,64,0.0001,42,80,23,0.2860446366711239
learning_rate_sensitivity,Mini-batch GD,1.0,64,0.0001,42,80,24,0.2843173696445615
learning_rate_sensitivity,Mini-batch GD,1.0,64,0.0001,42,80,25,0.2825911312326387
learning_rate_sensitivity,Mini-batch GD,1.0,64,0.0001,42,80,26,0.2815635947306133
learning_rate_sensitivity,Mini-batch GD,1.0,64,0.0001,42,80,27,0.2795891360260533
learning_rate_sensitivity,Mini-batch GD,1.0,64,0.0001,42,80,28,0.27818648140350466
learning_rate_sensitivity,Mini-batch GD,1.0,64,0.0001,42,80,29,0.27692422808133377
learning_rate_sensitivity,Mini-batch GD,1.0,64,0.0001,42,80,30,0.2757424793232374
learning_rate_sensitivity,Mini-batch GD,1.0,64,0.0001,42,80,31,0.2744898811732127
learning_rate_sensitivity,Mini-batch GD,1.0,64,0.0001,42,80,32,0.2734039186151532
learning_rate_sensitivity,Mini-batch GD,1.0,64,0.0001,42,80,33,0.2734999311236208
learning_rate_sensitivity,Mini-batch GD,1.0,64,0.0001,42,80,34,0.2723514137751279
learning_rate_sensitivity,Mini-batch GD,1.0,64,0.0001,42,80,35,0.27030425085040666
learning_rate_sensitivity,Mini-batch GD,1.0,64,0.0001,42,80,36,0.2696540759019904
learning_rate_sensitivity,Mini-batch GD,1.0,64,0.0001,42,80,37,0.2684681044326568
learning_rate_sensitivity,Mini-batch GD,1.0,64,0.0001,42,80,38,0.26924265524757324
learning_rate_sensitivity,Mini-batch GD,1.0,64,0.0001,42,80,39,0.2668298110291508
learning_rate_sensitivity,Mini-batch GD,1.0,64,0.0001,42,80,40,0.26620849665915536
learning_rate_sensitivity,Mini-batch GD,1.0,64,0.0001,42,80,41,0.26535819214123196
learning_rate_sensitivity,Mini-batch GD,1.0,64,0.0001,42,80,42,0.2646334739173002
learning_rate_sensitivity,Mini-batch GD,1.0,64,0.0001,42,80,43,0.26401400451057333
learning_rate_sensitivity,Mini-batch GD,1.0,64,0.0001,42,80,44,0.2633794362141607
learning_rate_sensitivity,Mini-batch GD,1.0,64,0.0001,42,80,45,0.2631250236178099
learning_rate_sensitivity,Mini-batch GD,1.0,64,0.0001,42,80,46,0.2621238025437236
learning_rate_sensitivity,Mini-batch GD,1.0,64,0.0001,42,80,47,0.2615840452475716
learning_rate_sensitivity,Mini-batch GD,1.0,64,0.0001,42,80,48,0.2610422819000218
learning_rate_sensitivity,Mini-batch GD,1.0,64,0.0001,42,80,49,0.2609480651881768
learning_rate_sensitivity,Mini-batch GD,1.0,64,0.0001,42,80,50,0.2599874838250826
learning_rate_sensitivity,Mini-batch GD,1.0,64,0.0001,42,80,51,0.2598451713395677
learning_rate_sensitivity,Mini-batch GD,1.0,64,0.0001,42,80,52,0.25971841124589523
learning_rate_sensitivity,Mini-batch GD,1.0,64,0.0001,42,80,53,0.2586475093888203
learning_rate_sensitivity,Mini-batch GD,1.0,64,0.0001,42,80,54,0.2581945337242205
learning_rate_sensitivity,Mini-batch GD,1.0,64,0.0001,42,80,55,0.257774186682005
learning_rate_sensitivity,Mini-batch GD,1.0,64,0.0001,42,80,56,0.25741605091327097
learning_rate_sensitivity,Mini-batch GD,1.0,64,0.0001,42,80,57,0.2570762224159824
learning_rate_sensitivity,Mini-batch GD,1.0,64,0.0001,42,80,58,0.2566811621795128
learning_rate_sensitivity,Mini-batch GD,1.0,64,0.0001,42,80,59,0.25655355621271897
learning_rate_sensitivity,Mini-batch GD,1.0,64,0.0001,42,80,60,0.2563651607586871
learning_rate_sensitivity,Mini-batch GD,1.0,64,0.0001,42,80,61,0.2558242408642634
learning_rate_sensitivity,Mini-batch GD,1.0,64,0.0001,42,80,62,0.25586891148245816
learning_rate_sensitivity,Mini-batch GD,1.0,64,0.0001,42,80,63,0.25519361785359146
learning_rate_sensitivity,Mini-batch GD,1.0,64,0.0001,42,80,64,0.25477546302757087
learning_rate_sensitivity,Mini-batch GD,1.0,64,0.0001,42,80,65,0.25595890145088146
learning_rate_sensitivity,Mini-batch GD,1.0,64,0.0001,42,80,66,0.25428787936543223
learning_rate_sensitivity,Mini-batch GD,1.0,64,0.0001,42,80,67,0.25430671425408796
learning_rate_sensitivity,Mini-batch GD,1.0,64,0.0001,42,80,68,0.2539299433243226
learning_rate_sensitivity,Mini-batch GD,1.0,64,0.0001,42,80,69,0.2534288123470443
learning_rate_sensitivity,Mini-batch GD,1.0,64,0.0001,42,80,70,0.2535551182266038
learning_rate_sensitivity,Mini-batch GD,1.0,64,0.0001,42,80,71,0.25296181797562917
learning_rate_sensitivity,Mini-batch GD,1.0,64,0.0001,42,80,72,0.25406108870234373
learning_rate_sensitivity,Mini-batch GD,1.0,64,0.0001,42,80,73,0.25260842384970267
learning_rate_sensitivity,Mini-batch GD,1.0,64,0.0001,42,80,74,0.2525856285384249
learning_rate_sensitivity,Mini-batch GD,1.0,64,0.0001,42,80,75,0.2521937592460256
learning_rate_sensitivity,Mini-batch GD,1.0,64,0.0001,42,80,76,0.2520217404669882
learning_rate_sensitivity,Mini-batch GD,1.0,64,0.0001,42,80,77,0.2519049029721312
learning_rate_sensitivity,Mini-batch GD,1.0,64,0.0001,42,80,78,0.2519502076317988
learning_rate_sensitivity,Mini-batch GD,1.0,64,0.0001,42,80,79,0.25142249242955783
learning_rate_sensitivity,Mini-batch GD,1.0,64,0.0001,42,80,80,0.25161817970509304
learning_rate_sensitivity,Mini-batch GD,2.0,64,0.0001,42,80,1,0.3898515439063001
learning_rate_sensitivity,Mini-batch GD,2.0,64,0.0001,42,80,2,0.36411959492552953
learning_rate_sensitivity,Mini-batch GD,2.0,64,0.0001,42,80,3,0.3477147854540754
learning_rate_sensitivity,Mini-batch GD,2.0,64,0.0001,42,80,4,0.33726243635896264
learning_rate_sensitivity,Mini-batch GD,2.0,64,0.0001,42,80,5,0.3259690464269378
learning_rate_sensitivity,Mini-batch GD,2.0,64,0.0001,42,80,6,0.31491851368476886
learning_rate_sensitivity,Mini-batch GD,2.0,64,0.0001,42,80,7,0.3078734140000232
learning_rate_sensitivity,Mini-batch GD,2.0,64,0.0001,42,80,8,0.30336423734898715
learning_rate_sensitivity,Mini-batch GD,2.0,64,0.0001,42,80,9,0.29635427998202696
learning_rate_sensitivity,Mini-batch GD,2.0,64,0.0001,42,80,10,0.29250696746867366
learning_rate_sensitivity,Mini-batch GD,2.0,64,0.0001,42,80,11,0.2877060570716957
learning_rate_sensitivity,Mini-batch GD,2.0,64,0.0001,42,80,12,0.28418128534425674
learning_rate_sensitivity,Mini-batch GD,2.0,64,0.0001,42,80,13,0.2809843430170208
learning_rate_sensitivity,Mini-batch GD,2.0,64,0.0001,42,80,14,0.27891066540345477
learning_rate_sensitivity,Mini-batch GD,2.0,64,0.0001,42,80,15,0.2756975072230606
learning_rate_sensitivity,Mini-batch GD,2.0,64,0.0001,42,80,16,0.2754693456811902
learning_rate_sensitivity,Mini-batch GD,2.0,64,0.0001,42,80,17,0.2711622230106773
learning_rate_sensitivity,Mini-batch GD,2.0,64,0.0001,42,80,18,0.269297480662229
learning_rate_sensitivity,Mini-batch GD,2.0,64,0.0001,42,80,19,0.26756557445975565
learning_rate_sensitivity,Mini-batch GD,2.0,64,0.0001,42,80,20,0.26598385199232283
learning_rate_sensitivity,Mini-batch GD,2.0,64,0.0001,42,80,21,0.26584624980429084
learning_rate_sensitivity,Mini-batch GD,2.0,64,0.0001,42,80,22,0.26325767302397357
learning_rate_sensitivity,Mini-batch GD,2.0,64,0.0001,42,80,23,0.26236293918017095
learning_rate_sensitivity,Mini-batch GD,2.0,64,0.0001,42,80,24,0.26099518648387804
learning_rate_sensitivity,Mini-batch GD,2.0,64,0.0001,42,80,25,0.2599135740079681
learning_rate_sensitivity,Mini-batch GD,2.0,64,0.0001,42,80,26,0.25967908982056104
learning_rate_sensitivity,Mini-batch GD,2.0,64,0.0001,42,80,27,0.2582549395316922
learning_rate_sensitivity,Mini-batch GD,2.0,64,0.0001,42,80,28,0.257320728062716
learning_rate_sensitivity,Mini-batch GD,2.0,64,0.0001,42,80,29,0.2568811370485408
learning_rate_sensitivity,Mini-batch GD,2.0,64,0.0001,42,80,30,0.256289413413737
learning_rate_sensitivity,Mini-batch GD,2.0,64,0.0001,42,80,31,0.2554416807019224
learning_rate_sensitivity,Mini-batch GD,2.0,64,0.0001,42,80,32,0.25466570284896983
learning_rate_sensitivity,Mini-batch GD,2.0,64,0.0001,42,80,33,0.2558773291372287
learning_rate_sensitivity,Mini-batch GD,2.0,64,0.0001,42,80,34,0.2563961445383819
learning_rate_sensitivity,Mini-batch GD,2.0,64,0.0001,42,80,35,0.25319165824321943
learning_rate_sensitivity,Mini-batch GD,2.0,64,0.0001,42,80,36,0.25378437193341946
learning_rate_sensitivity,Mini-batch GD,2.0,64,0.0001,42,80,37,0.25229280933552434
learning_rate_sensitivity,Mini-batch GD,2.0,64,0.0001,42,80,38,0.2540617740439029
learning_rate_sensitivity,Mini-batch GD,2.0,64,0.0001,42,80,39,0.2518813268826652
learning_rate_sensitivity,Mini-batch GD,2.0,64,0.0001,42,80,40,0.25153512392028404
learning_rate_sensitivity,Mini-batch GD,2.0,64,0.0001,42,80,41,0.2509919743587694
learning_rate_sensitivity,Mini-batch GD,2.0,64,0.0001,42,80,42,0.2507423606638991
learning_rate_sensitivity,Mini-batch GD,2.0,64,0.0001,42,80,43,0.2507227972640482
learning_rate_sensitivity,Mini-batch GD,2.0,64,0.0001,42,80,44,0.2500997605076202
learning_rate_sensitivity,Mini-batch GD,2.0,64,0.0001,42,80,45,0.2510307103517408
learning_rate_sensitivity,Mini-batch GD,2.0,64,0.0001,42,80,46,0.2496431669738645
learning_rate_sensitivity,Mini-batch GD,2.0,64,0.0001,42,80,47,0.249667807891728
learning_rate_sensitivity,Mini-batch GD,2.0,64,0.0001,42,80,48,0.249423460483241
learning_rate_sensitivity,Mini-batch GD,2.0,64,0.0001,42,80,49,0.2493587019909783
learning_rate_sensitivity,Mini-batch GD,2.0,64,0.0001,42,80,50,0.2488783000269439
learning_rate_sensitivity,Mini-batch GD,2.0,64,0.0001,42,80,51,0.24913850687484027
learning_rate_sensitivity,Mini-batch GD,2.0,64,0.0001,42,80,52,0.2498231195664474
learning_rate_sensitivity,Mini-batch GD,2.0,64,0.0001,42,80,53,0.24857047498577967
learning_rate_sensitivity,Mini-batch GD,2.0,64,0.0001,42,80,54,0.24828705393573128
learning_rate_sensitivity,Mini-batch GD,2.0,64,0.0001,42,80,55,0.24814177799507153
learning_rate_sensitivity,Mini-batch GD,2.0,64,0.0001,42,80,56,0.2480235573588993
learning_rate_sensitivity,Mini-batch GD,2.0,64,0.0001,42,80,57,0.24799961514778496
learning_rate_sensitivity,Mini-batch GD,2.0,64,0.0001,42,80,58,0.24789383790201786
learning_rate_sensitivity,Mini-batch GD,2.0,64,0.0001,42,80,59,0.248678182215232
learning_rate_sensitivity,Mini-batch GD,2.0,64,0.0001,42,80,60,0.2480628651403906
learning_rate_sensitivity,Mini-batch GD,2.0,64,0.0001,42,80,61,0.24820638395964456
learning_rate_sensitivity,Mini-batch GD,2.0,64,0.0001,42,80,62,0.24839594810913385
learning_rate_sensitivity,Mini-batch GD,2.0,64,0.0001,42,80,63,0.24741707657284595
learning_rate_sensitivity,Mini-batch GD,2.0,64,0.0001,42,80,64,0.2475347853432828
learning_rate_sensitivity,Mini-batch GD,2.0,64,0.0001,42,80,65,0.2499361318014315
learning_rate_sensitivity,Mini-batch GD,2.0,64,0.0001,42,80,66,0.24745394695282916
learning_rate_sensitivity,Mini-batch GD,2.0,64,0.0001,42,80,67,0.2471921571012191
learning_rate_sensitivity,Mini-batch GD,2.0,64,0.0001,42,80,68,0.24744055764302858
learning_rate_sensitivity,Mini-batch GD,2.0,64,0.0001,42,80,69,0.24698184478660393
learning_rate_sensitivity,Mini-batch GD,2.0,64,0.0001,42,80,70,0.24755642902759867
learning_rate_sensitivity,Mini-batch GD,2.0,64,0.0001,42,80,71,0.24689235905289822
learning_rate_sensitivity,Mini-batch GD,2.0,64,0.0001,42,80,72,0.24974349281480415
learning_rate_sensitivity,Mini-batch GD,2.0,64,0.0001,42,80,73,0.246871163608789
learning_rate_sensitivity,Mini-batch GD,2.0,64,0.0001,42,80,74,0.24792607098245045
learning_rate_sensitivity,Mini-batch GD,2.0,64,0.0001,42,80,75,0.24673112697907756
learning_rate_sensitivity,Mini-batch GD,2.0,64,0.0001,42,80,76,0.24686930451448943
learning_rate_sensitivity,Mini-batch GD,2.0,64,0.0001,42,80,77,0.2468529277616583
learning_rate_sensitivity,Mini-batch GD,2.0,64,0.0001,42,80,78,0.24733686165368154
learning_rate_sensitivity,Mini-batch GD,2.0,64,0.0001,42,80,79,0.24658682631821938
learning_rate_sensitivity,Mini-batch GD,2.0,64,0.0001,42,80,80,0.2478497467693243
mini_batch_size,Mini-batch GD,1.0,8,0.0001,42,80,1,0.33420966208928793
mini_batch_size,Mini-batch GD,1.0,8,0.0001,42,80,2,0.30133319182816526
mini_batch_size,Mini-batch GD,1.0,8,0.0001,42,80,3,0.2878665346220107
mini_batch_size,Mini-batch GD,1.0,8,0.0001,42,80,4,0.2810324516315793
mini_batch_size,Mini-batch GD,1.0,8,0.0001,42,80,5,0.2712632934072485
mini_batch_size,Mini-batch GD,1.0,8,0.0001,42,80,6,0.26065695423104074
mini_batch_size,Mini-batch GD,1.0,8,0.0001,42,80,7,0.25706808424471767
mini_batch_size,Mini-batch GD,1.0,8,0.0001,42,80,8,0.25999874921455624
mini_batch_size,Mini-batch GD,1.0,8,0.0001,42,80,9,0.25408247080438195
mini_batch_size,Mini-batch GD,1.0,8,0.0001,42,80,10,0.2565523505622132
mini_batch_size,Mini-batch GD,1.0,8,0.0001,42,80,11,0.24992994298084567
mini_batch_size,Mini-batch GD,1.0,8,0.0001,42,80,12,0.24924561287483402
mini_batch_size,Mini-batch GD,1.0,8,0.0001,42,80,13,0.2484065334917203
mini_batch_size,Mini-batch GD,1.0,8,0.0001,42,80,14,0.25196908586972
mini_batch_size,Mini-batch GD,1.0,8,0.0001,42,80,15,0.2475279976489839
mini_batch_size,Mini-batch GD,1.0,8,0.0001,42,80,16,0.2494207554557125
mini_batch_size,Mini-batch GD,1.0,8,0.0001,42,80,17,0.24695771471500383
mini_batch_size,Mini-batch GD,1.0,8,0.0001,42,80,18,0.24747693522711495
mini_batch_size,Mini-batch GD,1.0,8,0.0001,42,80,19,0.24911140948848656
mini_batch_size,Mini-batch GD,1.0,8,0.0001,42,80,20,0.24649832086396242
mini_batch_size,Mini-batch GD,1.0,8,0.0001,42,80,21,0.25556745464106273
mini_batch_size,Mini-batch GD,1.0,8,0.0001,42,80,22,0.24698521580805788
mini_batch_size,Mini-batch GD,1.0,8,0.0001,42,80,23,0.24856410215189953
mini_batch_size,Mini-batch GD,1.0,8,0.0001,42,80,24,0.24697440239659108
mini_batch_size,Mini-batch GD,1.0,8,0.0001,42,80,25,0.2519841659329698
mini_batch_size,Mini-batch GD,1.0,8,0.0001,42,80,26,0.24670116991591484
mini_batch_size,Mini-batch GD,1.0,8,0.0001,42,80,27,0.24671836873151887
mini_batch_size,Mini-batch GD,1.0,8,0.0001,42,80,28,0.24613141773166852
mini_batch_size,Mini-batch GD,1.0,8,0.0001,42,80,29,0.2465023712798064
mini_batch_size,Mini-batch GD,1.0,8,0.0001,42,80,30,0.25448058582920946
mini_batch_size,Mini-batch GD,1.0,8,0.0001,42,80,31,0.2505348463709321
mini_batch_size,Mini-batch GD,1.0,8,0.0001,42,80,32,0.24696830730523917
mini_batch_size,Mini-batch GD,1.0,8,0.0001,42,80,33,0.24861113332365384
mini_batch_size,Mini-batch GD,1.0,8,0.0001,42,80,34,0.2513331479226077
mini_batch_size,Mini-batch GD,1.0,8,0.0001,42,80,35,0.24610024638172007
mini_batch_size,Mini-batch GD,1.0,8,0.0001,42,80,36,0.2548466347307935
mini_batch_size,Mini-batch GD,1.0,8,0.0001,42,80,37,0.24664847237387486
mini_batch_size,Mini-batch GD,1.0,8,0.0001,42,80,38,0.24697620955118377
mini_batch_size,Mini-batch GD,1.0,8,0.0001,42,80,39,0.2482569140718439
mini_batch_size,Mini-batch GD,1.0,8,0.0001,42,80,40,0.2470965648635076
mini_batch_size,Mini-batch GD,1.0,8,0.0001,42,80,41,0.24674778417417717
mini_batch_size,Mini-batch GD,1.0,8,0.0001,42,80,42,0.24638453046596165
mini_batch_size,Mini-batch GD,1.0,8,0.0001,42,80,43,0.2463367792922062
mini_batch_size,Mini-batch GD,1.0,8,0.0001,42,80,44,0.2462066824432867
mini_batch_size,Mini-batch GD,1.0,8,0.0001,42,80,45,0.2502266267273925
mini_batch_size,Mini-batch GD,1.0,8,0.0001,42,80,46,0.2469259677295756
mini_batch_size,Mini-batch GD,1.0,8,0.0001,42,80,47,0.24912635802206717
mini_batch_size,Mini-batch GD,1.0,8,0.0001,42,80,48,0.24968566926820868
mini_batch_size,Mini-batch GD,1.0,8,0.0001,42,80,49,0.24605782091392253
mini_batch_size,Mini-batch GD,1.0,8,0.0001,42,80,50,0.24686270258515106
mini_batch_size,Mini-batch GD,1.0,8,0.0001,42,80,51,0.2460368407053366
mini_batch_size,Mini-batch GD,1.0,8,0.0001,42,80,52,0.24729941013338974
mini_batch_size,Mini-batch GD,1.0,8,0.0001,42,80,53,0.24677625731482217
mini_batch_size,Mini-batch GD,1.0,8,0.0001,42,80,54,0.24636290743623732
mini_batch_size,Mini-batch GD,1.0,8,0.0001,42,80,55,0.24610952819490758
mini_batch_size,Mini-batch GD,1.0,8,0.0001,42,80,56,0.24627147402770053
mini_batch_size,Mini-batch GD,1.0,8,0.0001,42,80,57,0.2460432878016996
mini_batch_size,Mini-batch GD,1.0,8,0.0001,42,80,58,0.24646470013924426
mini_batch_size,Mini-batch GD,1.0,8,0.0001,42,80,59,0.24821618797740097
mini_batch_size,Mini-batch GD,1.0,8,0.0001,42,80,60,0.24794100896924628
mini_batch_size,Mini-batch GD,1.0,8,0.0001,42,80,61,0.24754465619904834
mini_batch_size,Mini-batch GD,1.0,8,0.0001,42,80,62,0.24640360235349854
mini_batch_size,Mini-batch GD,1.0,8,0.0001,42,80,63,0.24618767478130799
mini_batch_size,Mini-batch GD,1.0,8,0.0001,42,80,64,0.24613768742073536
mini_batch_size,Mini-batch GD,1.0,8,0.0001,42,80,65,0.24992774553128266
mini_batch_size,Mini-batch GD,1.0,8,0.0001,42,80,66,0.2469156214563503
mini_batch_size,Mini-batch GD,1.0,8,0.0001,42,80,67,0.24686721580935028
mini_batch_size,Mini-batch GD,1.0,8,0.0001,42,80,68,0.24630895517722418
mini_batch_size,Mini-batch GD,1.0,8,0.0001,42,80,69,0.24619766717404612
mini_batch_size,Mini-batch GD,1.0,8,0.0001,42,80,70,0.24700489300952375
mini_batch_size,Mini-batch GD,1.0,8,0.0001,42,80,71,0.24832918314593458
mini_batch_size,Mini-batch GD,1.0,8,0.0001,42,80,72,0.2588028070997391
mini_batch_size,Mini-batch GD,1.0,8,0.0001,42,80,73,0.24972287069186602
mini_batch_size,Mini-batch GD,1.0,8,0.0001,42,80,74,0.2520057262565574
mini_batch_size,Mini-batch GD,1.0,8,0.0001,42,80,75,0.2464128033240197
mini_batch_size,Mini-batch GD,1.0,8,0.0001,42,80,76,0.24811877297246293
mini_batch_size,Mini-batch GD,1.0,8,0.0001,42,80,77,0.2460613838668884
mini_batch_size,Mini-batch GD,1.0,8,0.0001,42,80,78,0.2498061444037855
mini_batch_size,Mini-batch GD,1.0,8,0.0001,42,80,79,0.2477836962738833
mini_batch_size,Mini-batch GD,1.0,8,0.0001,42,80,80,0.2509414708967813
mini_batch_size,Mini-batch GD,1.0,16,0.0001,42,80,1,0.36437484518434843
mini_batch_size,Mini-batch GD,1.0,16,0.0001,42,80,2,0.33376680380751245
mini_batch_size,Mini-batch GD,1.0,16,0.0001,42,80,3,0.31747549548882825
mini_batch_size,Mini-batch GD,1.0,16,0.0001,42,80,4,0.30689404068680576
mini_batch_size,Mini-batch GD,1.0,16,0.0001,42,80,5,0.29611316944524985
mini_batch_size,Mini-batch GD,1.0,16,0.0001,42,80,6,0.2840008524422339
mini_batch_size,Mini-batch GD,1.0,16,0.0001,42,80,7,0.27805011363307497
mini_batch_size,Mini-batch GD,1.0,16,0.0001,42,80,8,0.27726718696547564
mini_batch_size,Mini-batch GD,1.0,16,0.0001,42,80,9,0.2696585692649521
mini_batch_size,Mini-batch GD,1.0,16,0.0001,42,80,10,0.2682995020898557
mini_batch_size,Mini-batch GD,1.0,16,0.0001,42,80,11,0.2631283377363136
mini_batch_size,Mini-batch GD,1.0,16,0.0001,42,80,12,0.2608920470382007
mini_batch_size,Mini-batch GD,1.0,16,0.0001,42,80,13,0.2589149323699483
mini_batch_size,Mini-batch GD,1.0,16,0.0001,42,80,14,0.2585716270838282
mini_batch_size,Mini-batch GD,1.0,16,0.0001,42,80,15,0.25590216060096155
mini_batch_size,Mini-batch GD,1.0,16,0.0001,42,80,16,0.25664861489257357
mini_batch_size,Mini-batch GD,1.0,16,0.0001,42,80,17,0.25354741079786164
mini_batch_size,Mini-batch GD,1.0,16,0.0001,42,80,18,0.25270130331772356
mini_batch_size,Mini-batch GD,1.0,16,0.0001,42,80,19,0.2522004066040644
mini_batch_size,Mini-batch GD,1.0,16,0.0001,42,80,20,0.2511409921353241
mini_batch_size,Mini-batch GD,1.0,16,0.0001,42,80,21,0.253588569613411
mini_batch_size,Mini-batch GD,1.0,16,0.0001,42,80,22,0.2500936578788846
mini_batch_size,Mini-batch GD,1.0,16,0.0001,42,80,23,0.25047085260143087
mini_batch_size,Mini-batch GD,1.0,16,0.0001,42,80,24,0.24941054146621006
mini_batch_size,Mini-batch GD,1.0,16,0.0001,42,80,25,0.24959663642621704
mini_batch_size,Mini-batch GD,1.0,16,0.0001,42,80,26,0.24919204891627367
mini_batch_size,Mini-batch GD,1.0,16,0.0001,42,80,27,0.24888160931701017
mini_batch_size,Mini-batch GD,1.0,16,0.0001,42,80,28,0.24802917397990148
mini_batch_size,Mini-batch GD,1.0,16,0.0001,42,80,29,0.24833750069572835
mini_batch_size,Mini-batch GD,1.0,16,0.0001,42,80,30,0.24999212364953227
mini_batch_size,Mini-batch GD,1.0,16,0.0001,42,80,31,0.2481636364389599
mini_batch_size,Mini-batch GD,1.0,16,0.0001,42,80,32,0.24741742211938553
mini_batch_size,Mini-batch GD,1.0,16,0.0001,42,80,33,0.24869130742128753
mini_batch_size,Mini-batch GD,1.0,16,0.0001,42,80,34,0.25171402034028173
mini_batch_size,Mini-batch GD,1.0,16,0.0001,42,80,35,0.24704983177392464
mini_batch_size,Mini-batch GD,1.0,16,0.0001,42,80,36,0.2504058358142479
mini_batch_size,Mini-batch GD,1.0,16,0.0001,42,80,37,0.24684355141307818
mini_batch_size,Mini-batch GD,1.0,16,0.0001,42,80,38,0.24855897915869224
mini_batch_size,Mini-batch GD,1.0,16,0.0001,42,80,39,0.24807382980097883
mini_batch_size,Mini-batch GD,1.0,16,0.0001,42,80,40,0.24696129437522016
mini_batch_size,Mini-batch GD,1.0,16,0.0001,42,80,41,0.24676918413918908
mini_batch_size,Mini-batch GD,1.0,16,0.0001,42,80,42,0.24678201498938246
mini_batch_size,Mini-batch GD,1.0,16,0.0001,42,80,43,0.24697533786561884
mini_batch_size,Mini-batch GD,1.0,16,0.0001,42,80,44,0.24635671392802205
mini_batch_size,Mini-batch GD,1.0,16,0.0001,42,80,45,0.24877773932875957
mini_batch_size,Mini-batch GD,1.0,16,0.0001,42,80,46,0.2465284624878618
mini_batch_size,Mini-batch GD,1.0,16,0.0001,42,80,47,0.24718601797539458
mini_batch_size,Mini-batch GD,1.0,16,0.0001,42,80,48,0.24712546138172506
mini_batch_size,Mini-batch GD,1.0,16,0.0001,42,80,49,0.24624678405747796
mini_batch_size,Mini-batch GD,1.0,16,0.0001,42,80,50,0.24636573847476434
mini_batch_size,Mini-batch GD,1.0,16,0.0001,42,80,51,0.24672935136707222
mini_batch_size,Mini-batch GD,1.0,16,0.0001,42,80,52,0.24737981773596213
mini_batch_size,Mini-batch GD,1.0,16,0.0001,42,80,53,0.24646382745053616
mini_batch_size,Mini-batch GD,1.0,16,0.0001,42,80,54,0.24625041008287246
mini_batch_size,Mini-batch GD,1.0,16,0.0001,42,80,55,0.2461095552017124
mini_batch_size,Mini-batch GD,1.0,16,0.0001,42,80,56,0.24615416297920237
mini_batch_size,Mini-batch GD,1.0,16,0.0001,42,80,57,0.24621464962954503
mini_batch_size,Mini-batch GD,1.0,16,0.0001,42,80,58,0.2462791494884896
mini_batch_size,Mini-batch GD,1.0,16,0.0001,42,80,59,0.24744888385702177
mini_batch_size,Mini-batch GD,1.0,16,0.0001,42,80,60,0.24658897837702154
mini_batch_size,Mini-batch GD,1.0,16,0.0001,42,80,61,0.2476309236380706
mini_batch_size,Mini-batch GD,1.0,16,0.0001,42,80,62,0.24685874225240603
mini_batch_size,Mini-batch GD,1.0,16,0.0001,42,80,63,0.24605808133455032
mini_batch_size,Mini-batch GD,1.0,16,0.0001,42,80,64,0.24616703441247748
mini_batch_size,Mini-batch GD,1.0,16,0.0001,42,80,65,0.2493816737328386
mini_batch_size,Mini-batch GD,1.0,16,0.0001,42,80,66,0.2464593146996447
mini_batch_size,Mini-batch GD,1.0,16,0.0001,42,80,67,0.24607205893626172
mini_batch_size,Mini-batch GD,1.0,16,0.0001,42,80,68,0.24662649553766566
mini_batch_size,Mini-batch GD,1.0,16,0.0001,42,80,69,0.2460530170737774
mini_batch_size,Mini-batch GD,1.0,16,0.0001,42,80,70,0.2466186953617405
mini_batch_size,Mini-batch GD,1.0,16,0.0001,42,80,71,0.2464210813360697
mini_batch_size,Mini-batch GD,1.0,16,0.0001,42,80,72,0.2523919076424118
mini_batch_size,Mini-batch GD,1.0,16,0.0001,42,80,73,0.24693176481798484
mini_batch_size,Mini-batch GD,1.0,16,0.0001,42,80,74,0.24971143826307027
mini_batch_size,Mini-batch GD,1.0,16,0.0001,42,80,75,0.24610627314777223
mini_batch_size,Mini-batch GD,1.0,16,0.0001,42,80,76,0.2464522948403844
mini_batch_size,Mini-batch GD,1.0,16,0.0001,42,80,77,0.24618904304965683
mini_batch_size,Mini-batch GD,1.0,16,0.0001,42,80,78,0.24752481495243628
mini_batch_size,Mini-batch GD,1.0,16,0.0001,42,80,79,0.2462930582157607
mini_batch_size,Mini-batch GD,1.0,16,0.0001,42,80,80,0.2489571077720985
mini_batch_size,Mini-batch GD,1.0,32,0.0001,42,80,1,0.3896775621532727
mini_batch_size,Mini-batch GD,1.0,32,0.0001,42,80,2,0.36410388733815735
mini_batch_size,Mini-batch GD,1.0,32,0.0001,42,80,3,0.3481985023567147
mini_batch_size,Mini-batch GD,1.0,32,0.0001,42,80,4,0.33697942875768
mini_batch_size,Mini-batch GD,1.0,32,0.0001,42,80,5,0.3260650417643017
mini_batch_size,Mini-batch GD,1.0,32,0.0001,42,80,6,0.31495352368548574
mini_batch_size,Mini-batch GD,1.0,32,0.0001,42,80,7,0.3078579796051156
mini_batch_size,Mini-batch GD,1.0,32,0.0001,42,80,8,0.303369094010776
mini_batch_size,Mini-batch GD,1.0,32,0.0001,42,80,9,0.29638769333935433
mini_batch_size,Mini-batch GD,1.0,32,0.0001,42,80,10,0.2922216452986163
mini_batch_size,Mini-batch GD,1.0,32,0.0001,42,80,11,0.2877067674482035
mini_batch_size,Mini-batch GD,1.0,32,0.0001,42,80,12,0.28418827451211676
mini_batch_size,Mini-batch GD,1.0,32,0.0001,42,80,13,0.28098413665173905
mini_batch_size,Mini-batch GD,1.0,32,0.0001,42,80,14,0.2790328833786998
mini_batch_size,Mini-batch GD,1.0,32,0.0001,42,80,15,0.2756379036954266
mini_batch_size,Mini-batch GD,1.0,32,0.0001,42,80,16,0.2758011578727988
mini_batch_size,Mini-batch GD,1.0,32,0.0001,42,80,17,0.27117155829756784
mini_batch_size,Mini-batch GD,1.0,32,0.0001,42,80,18,0.2693109478308543
mini_batch_size,Mini-batch GD,1.0,32,0.0001,42,80,19,0.2675583681936363
mini_batch_size,Mini-batch GD,1.0,32,0.0001,42,80,20,0.2659869825876213
mini_batch_size,Mini-batch GD,1.0,32,0.0001,42,80,21,0.26574441082324246
mini_batch_size,Mini-batch GD,1.0,32,0.0001,42,80,22,0.2632786664851189
mini_batch_size,Mini-batch GD,1.0,32,0.0001,42,80,23,0.26244320958622874
mini_batch_size,Mini-batch GD,1.0,32,0.0001,42,80,24,0.26107581767568017
mini_batch_size,Mini-batch GD,1.0,32,0.0001,42,80,25,0.25991359959549953
mini_batch_size,Mini-batch GD,1.0,32,0.0001,42,80,26,0.25968727474964626
mini_batch_size,Mini-batch GD,1.0,32,0.0001,42,80,27,0.258309908219406
mini_batch_size,Mini-batch GD,1.0,32,0.0001,42,80,28,0.25732194889087096
mini_batch_size,Mini-batch GD,1.0,32,0.0001,42,80,29,0.2568593040314099
mini_batch_size,Mini-batch GD,1.0,32,0.0001,42,80,30,0.2563974438747514
mini_batch_size,Mini-batch GD,1.0,32,0.0001,42,80,31,0.25541386560795365
mini_batch_size,Mini-batch GD,1.0,32,0.0001,42,80,32,0.2546765533866997
mini_batch_size,Mini-batch GD,1.0,32,0.0001,42,80,33,0.2556596348528758
mini_batch_size,Mini-batch GD,1.0,32,0.0001,42,80,34,0.25616278465584175
mini_batch_size,Mini-batch GD,1.0,32,0.0001,42,80,35,0.2531843336569609
mini_batch_size,Mini-batch GD,1.0,32,0.0001,42,80,36,0.2538668604764668
mini_batch_size,Mini-batch GD,1.0,32,0.0001,42,80,37,0.25228612613661044
mini_batch_size,Mini-batch GD,1.0,32,0.0001,42,80,38,0.2540022560576751
mini_batch_size,Mini-batch GD,1.0,32,0.0001,42,80,39,0.25179027113108104
mini_batch_size,Mini-batch GD,1.0,32,0.0001,42,80,40,0.25148352562647425
mini_batch_size,Mini-batch GD,1.0,32,0.0001,42,80,41,0.25096955135885773
mini_batch_size,Mini-batch GD,1.0,32,0.0001,42,80,42,0.2507340823387369
mini_batch_size,Mini-batch GD,1.0,32,0.0001,42,80,43,0.2507020838558005
mini_batch_size,Mini-batch GD,1.0,32,0.0001,42,80,44,0.2500939308365736
mini_batch_size,Mini-batch GD,1.0,32,0.0001,42,80,45,0.25092861251320203
mini_batch_size,Mini-batch GD,1.0,32,0.0001,42,80,46,0.24963913587383366
mini_batch_size,Mini-batch GD,1.0,32,0.0001,42,80,47,0.24968656732793265
mini_batch_size,Mini-batch GD,1.0,32,0.0001,42,80,48,0.24938958038916997
mini_batch_size,Mini-batch GD,1.0,32,0.0001,42,80,49,0.24933680155852497
mini_batch_size,Mini-batch GD,1.0,32,0.0001,42,80,50,0.24887594116362527
mini_batch_size,Mini-batch GD,1.0,32,0.0001,42,80,51,0.24927356856701718
mini_batch_size,Mini-batch GD,1.0,32,0.0001,42,80,52,0.24963631882011034
mini_batch_size,Mini-batch GD,1.0,32,0.0001,42,80,53,0.2485428192977269
mini_batch_size,Mini-batch GD,1.0,32,0.0001,42,80,54,0.2483161409852757
mini_batch_size,Mini-batch GD,1.0,32,0.0001,42,80,55,0.24817021183752036
mini_batch_size,Mini-batch GD,1.0,32,0.0001,42,80,56,0.24802707733232618
mini_batch_size,Mini-batch GD,1.0,32,0.0001,42,80,57,0.24799204122741533
mini_batch_size,Mini-batch GD,1.0,32,0.0001,42,80,58,0.24790666383899176
mini_batch_size,Mini-batch GD,1.0,32,0.0001,42,80,59,0.24851880793868042
mini_batch_size,Mini-batch GD,1.0,32,0.0001,42,80,60,0.24807933453480863
mini_batch_size,Mini-batch GD,1.0,32,0.0001,42,80,61,0.24819182590574973
mini_batch_size,Mini-batch GD,1.0,32,0.0001,42,80,62,0.24824997386534478
mini_batch_size,Mini-batch GD,1.0,32,0.0001,42,80,63,0.2474214314893427
mini_batch_size,Mini-batch GD,1.0,32,0.0001,42,80,64,0.24748827757814046
mini_batch_size,Mini-batch GD,1.0,32,0.0001,42,80,65,0.2498466269807343
mini_batch_size,Mini-batch GD,1.0,32,0.0001,42,80,66,0.2473626646646629
mini_batch_size,Mini-batch GD,1.0,32,0.0001,42,80,67,0.24728444420795484
mini_batch_size,Mini-batch GD,1.0,32,0.0001,42,80,68,0.24743219099772287
mini_batch_size,Mini-batch GD,1.0,32,0.0001,42,80,69,0.2469802636447625
mini_batch_size,Mini-batch GD,1.0,32,0.0001,42,80,70,0.24754301644527987
mini_batch_size,Mini-batch GD,1.0,32,0.0001,42,80,71,0.2468941972289652
mini_batch_size,Mini-batch GD,1.0,32,0.0001,42,80,72,0.24973491507366866
mini_batch_size,Mini-batch GD,1.0,32,0.0001,42,80,73,0.24684675932522074
mini_batch_size,Mini-batch GD,1.0,32,0.0001,42,80,74,0.24796672505074535
mini_batch_size,Mini-batch GD,1.0,32,0.0001,42,80,75,0.2467584055545816
mini_batch_size,Mini-batch GD,1.0,32,0.0001,42,80,76,0.24683493140135324
mini_batch_size,Mini-batch GD,1.0,32,0.0001,42,80,77,0.24682519125389285
mini_batch_size,Mini-batch GD,1.0,32,0.0001,42,80,78,0.24737718792620075
mini_batch_size,Mini-batch GD,1.0,32,0.0001,42,80,79,0.24659253662850975
mini_batch_size,Mini-batch GD,1.0,32,0.0001,42,80,80,0.2478001686101732
mini_batch_size,Mini-batch GD,1.0,64,0.0001,42,80,1,0.41002585466908603
mini_batch_size,Mini-batch GD,1.0,64,0.0001,42,80,2,0.38937293844066156
mini_batch_size,Mini-batch GD,1.0,64,0.0001,42,80,3,0.37562305745954905
mini_batch_size,Mini-batch GD,1.0,64,0.0001,42,80,4,0.36543561370950334
mini_batch_size,Mini-batch GD,1.0,64,0.0001,42,80,5,0.35541152884699717
mini_batch_size,Mini-batch GD,1.0,64,0.0001,42,80,6,0.3469803210793863
mini_batch_size,Mini-batch GD,1.0,64,0.0001,42,80,7,0.3400814895362727
mini_batch_size,Mini-batch GD,1.0,64,0.0001,42,80,8,0.3344482378297102
mini_batch_size,Mini-batch GD,1.0,64,0.0001,42,80,9,0.3284780116529441
mini_batch_size,Mini-batch GD,1.0,64,0.0001,42,80,10,0.3235776620392151
mini_batch_size,Mini-batch GD,1.0,64,0.0001,42,80,11,0.3191047432652391
mini_batch_size,Mini-batch GD,1.0,64,0.0001,42,80,12,0.3150891746671809
mini_batch_size,Mini-batch GD,1.0,64,0.0001,42,80,13,0.3112901211347799
mini_batch_size,Mini-batch GD,1.0,64,0.0001,42,80,14,0.30839469667085817
mini_batch_size,Mini-batch GD,1.0,64,0.0001,42,80,15,0.3046921952874002
mini_batch_size,Mini-batch GD,1.0,64,0.0001,42,80,16,0.30365757972437984
mini_batch_size,Mini-batch GD,1.0,64,0.0001,42,80,17,0.29907571784991216
mini_batch_size,Mini-batch GD,1.0,64,0.0001,42,80,18,0.29644981116678754
mini_batch_size,Mini-batch GD,1.0,64,0.0001,42,80,19,0.29407776845738653
mini_batch_size,Mini-batch GD,1.0,64,0.0001,42,80,20,0.29183181273726316
mini_batch_size,Mini-batch GD,1.0,64,0.0001,42,80,21,0.29035302692608655
mini_batch_size,Mini-batch GD,1.0,64,0.0001,42,80,22,0.28779729287581457
mini_batch_size,Mini-batch GD,1.0,64,0.0001,42,80,23,0.2860446366711239
mini_batch_size,Mini-batch GD,1.0,64,0.0001,42,80,24,0.2843173696445615
mini_batch_size,Mini-batch GD,1.0,64,0.0001,42,80,25,0.2825911312326387
mini_batch_size,Mini-batch GD,1.0,64,0.0001,42,80,26,0.2815635947306133
mini_batch_size,Mini-batch GD,1.0,64,0.0001,42,80,27,0.2795891360260533
mini_batch_size,Mini-batch GD,1.0,64,0.0001,42,80,28,0.27818648140350466
mini_batch_size,Mini-batch GD,1.0,64,0.0001,42,80,29,0.27692422808133377
mini_batch_size,Mini-batch GD,1.0,64,0.0001,42,80,30,0.2757424793232374
mini_batch_size,Mini-batch GD,1.0,64,0.0001,42,80,31,0.2744898811732127
mini_batch_size,Mini-batch GD,1.0,64,0.0001,42,80,32,0.2734039186151532
mini_batch_size,Mini-batch GD,1.0,64,0.0001,42,80,33,0.2734999311236208
mini_batch_size,Mini-batch GD,1.0,64,0.0001,42,80,34,0.2723514137751279
mini_batch_size,Mini-batch GD,1.0,64,0.0001,42,80,35,0.27030425085040666
mini_batch_size,Mini-batch GD,1.0,64,0.0001,42,80,36,0.2696540759019904
mini_batch_size,Mini-batch GD,1.0,64,0.0001,42,80,37,0.2684681044326568
mini_batch_size,Mini-batch GD,1.0,64,0.0001,42,80,38,0.26924265524757324
mini_batch_size,Mini-batch GD,1.0,64,0.0001,42,80,39,0.2668298110291508
mini_batch_size,Mini-batch GD,1.0,64,0.0001,42,80,40,0.26620849665915536
mini_batch_size,Mini-batch GD,1.0,64,0.0001,42,80,41,0.26535819214123196
mini_batch_size,Mini-batch GD,1.0,64,0.0001,42,80,42,0.2646334739173002
mini_batch_size,Mini-batch GD,1.0,64,0.0001,42,80,43,0.26401400451057333
mini_batch_size,Mini-batch GD,1.0,64,0.0001,42,80,44,0.2633794362141607
mini_batch_size,Mini-batch GD,1.0,64,0.0001,42,80,45,0.2631250236178099
mini_batch_size,Mini-batch GD,1.0,64,0.0001,42,80,46,0.2621238025437236
mini_batch_size,Mini-batch GD,1.0,64,0.0001,42,80,47,0.2615840452475716
mini_batch_size,Mini-batch GD,1.0,64,0.0001,42,80,48,0.2610422819000218
mini_batch_size,Mini-batch GD,1.0,64,0.0001,42,80,49,0.2609480651881768
mini_batch_size,Mini-batch GD,1.0,64,0.0001,42,80,50,0.2599874838250826
mini_batch_size,Mini-batch GD,1.0,64,0.0001,42,80,51,0.2598451713395677
mini_batch_size,Mini-batch GD,1.0,64,0.0001,42,80,52,0.25971841124589523
mini_batch_size,Mini-batch GD,1.0,64,0.0001,42,80,53,0.2586475093888203
mini_batch_size,Mini-batch GD,1.0,64,0.0001,42,80,54,0.2581945337242205
mini_batch_size,Mini-batch GD,1.0,64,0.0001,42,80,55,0.257774186682005
mini_batch_size,Mini-batch GD,1.0,64,0.0001,42,80,56,0.25741605091327097
mini_batch_size,Mini-batch GD,1.0,64,0.0001,42,80,57,0.2570762224159824
mini_batch_size,Mini-batch GD,1.0,64,0.0001,42,80,58,0.2566811621795128
mini_batch_size,Mini-batch GD,1.0,64,0.0001,42,80,59,0.25655355621271897
mini_batch_size,Mini-batch GD,1.0,64,0.0001,42,80,60,0.2563651607586871
mini_batch_size,Mini-batch GD,1.0,64,0.0001,42,80,61,0.2558242408642634
mini_batch_size,Mini-batch GD,1.0,64,0.0001,42,80,62,0.25586891148245816
mini_batch_size,Mini-batch GD,1.0,64,0.0001,42,80,63,0.25519361785359146
mini_batch_size,Mini-batch GD,1.0,64,0.0001,42,80,64,0.25477546302757087
mini_batch_size,Mini-batch GD,1.0,64,0.0001,42,80,65,0.25595890145088146
mini_batch_size,Mini-batch GD,1.0,64,0.0001,42,80,66,0.25428787936543223
mini_batch_size,Mini-batch GD,1.0,64,0.0001,42,80,67,0.25430671425408796
mini_batch_size,Mini-batch GD,1.0,64,0.0001,42,80,68,0.2539299433243226
mini_batch_size,Mini-batch GD,1.0,64,0.0001,42,80,69,0.2534288123470443
mini_batch_size,Mini-batch GD,1.0,64,0.0001,42,80,70,0.2535551182266038
mini_batch_size,Mini-batch GD,1.0,64,0.0001,42,80,71,0.25296181797562917
mini_batch_size,Mini-batch GD,1.0,64,0.0001,42,80,72,0.25406108870234373
mini_batch_size,Mini-batch GD,1.0,64,0.0001,42,80,73,0.25260842384970267
mini_batch_size,Mini-batch GD,1.0,64,0.0001,42,80,74,0.2525856285384249
mini_batch_size,Mini-batch GD,1.0,64,0.0001,42,80,75,0.2521937592460256
mini_batch_size,Mini-batch GD,1.0,64,0.0001,42,80,76,0.2520217404669882
mini_batch_size,Mini-batch GD,1.0,64,0.0001,42,80,77,0.2519049029721312
mini_batch_size,Mini-batch GD,1.0,64,0.0001,42,80,78,0.2519502076317988
mini_batch_size,Mini-batch GD,1.0,64,0.0001,42,80,79,0.25142249242955783
mini_batch_size,Mini-batch GD,1.0,64,0.0001,42,80,80,0.25161817970509304
mini_batch_size,Mini-batch GD,1.0,128,0.0001,42,80,1,0.4268242050188855
mini_batch_size,Mini-batch GD,1.0,128,0.0001,42,80,2,0.40965190553369774
mini_batch_size,Mini-batch GD,1.0,128,0.0001,42,80,3,0.39806988942205185
mini_batch_size,Mini-batch GD,1.0,128,0.0001,42,80,4,0.3903042577434547
mini_batch_size,Mini-batch GD,1.0,128,0.0001,42,80,5,0.38152336758952426
mini_batch_size,Mini-batch GD,1.0,128,0.0001,42,80,6,0.37505118552274935
mini_batch_size,Mini-batch GD,1.0,128,0.0001,42,80,7,0.36905083071150147
mini_batch_size,Mini-batch GD,1.0,128,0.0001,42,80,8,0.3638649257249375
mini_batch_size,Mini-batch GD,1.0,128,0.0001,42,80,9,0.35907252941356255
mini_batch_size,Mini-batch GD,1.0,128,0.0001,42,80,10,0.3544974134379032
mini_batch_size,Mini-batch GD,1.0,128,0.0001,42,80,11,0.35040782688116134
mini_batch_size,Mini-batch GD,1.0,128,0.0001,42,80,12,0.34669062965114394
mini_batch_size,Mini-batch GD,1.0,128,0.0001,42,80,13,0.34303743842179474
mini_batch_size,Mini-batch GD,1.0,128,0.0001,42,80,14,0.339968485806854
mini_batch_size,Mini-batch GD,1.0,128,0.0001,42,80,15,0.33649772031103925
mini_batch_size,Mini-batch GD,1.0,128,0.0001,42,80,16,0.33461079821807155
mini_batch_size,Mini-batch GD,1.0,128,0.0001,42,80,17,0.33087644436935665
mini_batch_size,Mini-batch GD,1.0,128,0.0001,42,80,18,0.3280623549516914
mini_batch_size,Mini-batch GD,1.0,128,0.0001,42,80,19,0.32552417819084045
mini_batch_size,Mini-batch GD,1.0,128,0.0001,42,80,20,0.32312110675043454
mini_batch_size,Mini-batch GD,1.0,128,0.0001,42,80,21,0.321543905237631
mini_batch_size,Mini-batch GD,1.0,128,0.0001,42,80,22,0.31863534326496196
mini_batch_size,Mini-batch GD,1.0,128,0.0001,42,80,23,0.3167474756890886
mini_batch_size,Mini-batch GD,1.0,128,0.0001,42,80,24,0.3146585401726937
mini_batch_size,Mini-batch GD,1.0,128,0.0001,42,80,25,0.3126673630272586
mini_batch_size,Mini-batch GD,1.0,128,0.0001,42,80,26,0.3111612208993453
mini_batch_size,Mini-batch GD,1.0,128,0.0001,42,80,27,0.30911849220672466
mini_batch_size,Mini-batch GD,1.0,128,0.0001,42,80,28,0.3074300827408043
mini_batch_size,Mini-batch GD,1.0,128,0.0001,42,80,29,0.3057875397324158
mini_batch_size,Mini-batch GD,1.0,128,0.0001,42,80,30,0.3044043603462583
mini_batch_size,Mini-batch GD,1.0,128,0.0001,42,80,31,0.30277595676413604
mini_batch_size,Mini-batch GD,1.0,128,0.0001,42,80,32,0.301386614955437
mini_batch_size,Mini-batch GD,1.0,128,0.0001,42,80,33,0.30056941593903513
mini_batch_size,Mini-batch GD,1.0,128,0.0001,42,80,34,0.2991401720214109
mini_batch_size,Mini-batch GD,1.0,128,0.0001,42,80,35,0.2972559186904989
mini_batch_size,Mini-batch GD,1.0,128,0.0001,42,80,36,0.29630271109297024
mini_batch_size,Mini-batch GD,1.0,128,0.0001,42,80,37,0.29483063729088343
mini_batch_size,Mini-batch GD,1.0,128,0.0001,42,80,38,0.29448144284739236
mini_batch_size,Mini-batch GD,1.0,128,0.0001,42,80,39,0.2925375960544957
mini_batch_size,Mini-batch GD,1.0,128,0.0001,42,80,40,0.29158031805245616
mini_batch_size,Mini-batch GD,1.0,128,0.0001,42,80,41,0.2904265443642605
mini_batch_size,Mini-batch GD,1.0,128,0.0001,42,80,42,0.289360042247416
mini_batch_size,Mini-batch GD,1.0,128,0.0001,42,80,43,0.288362626575861
mini_batch_size,Mini-batch GD,1.0,128,0.0001,42,80,44,0.28751798845736826
mini_batch_size,Mini-batch GD,1.0,128,0.0001,42,80,45,0.2866013809093028
mini_batch_size,Mini-batch GD,1.0,128,0.0001,42,80,46,0.28563369392694316
mini_batch_size,Mini-batch GD,1.0,128,0.0001,42,80,47,0.2847286834190738
mini_batch_size,Mini-batch GD,1.0,128,0.0001,42,80,48,0.2838844264575334
mini_batch_size,Mini-batch GD,1.0,128,0.0001,42,80,49,0.2835070568294061
mini_batch_size,Mini-batch GD,1.0,128,0.0001,42,80,50,0.2822694281421846
mini_batch_size,Mini-batch GD,1.0,128,0.0001,42,80,51,0.28158023145075234
mini_batch_size,Mini-batch GD,1.0,128,0.0001,42,80,52,0.28104436698987456
mini_batch_size,Mini-batch GD,1.0,128,0.0001,42,80,53,0.2800257717964374
mini_batch_size,Mini-batch GD,1.0,128,0.0001,42,80,54,0.27930099051568175
mini_batch_size,Mini-batch GD,1.0,128,0.0001,42,80,55,0.2785225959373152
mini_batch_size,Mini-batch GD,1.0,128,0.0001,42,80,56,0.27783899159372283
mini_batch_size,Mini-batch GD,1.0,128,0.0001,42,80,57,0.2772210060699907
mini_batch_size,Mini-batch GD,1.0,128,0.0001,42,80,58,0.2765876359115505
mini_batch_size,Mini-batch GD,1.0,128,0.0001,42,80,59,0.2760400866306514
mini_batch_size,Mini-batch GD,1.0,128,0.0001,42,80,60,0.2756597310722022
mini_batch_size,Mini-batch GD,1.0,128,0.0001,42,80,61,0.274858148429428
mini_batch_size,Mini-batch GD,1.0,128,0.0001,42,80,62,0.2743626018346405
mini_batch_size,Mini-batch GD,1.0,128,0.0001,42,80,63,0.27374352370118504
mini_batch_size,Mini-batch GD,1.0,128,0.0001,42,80,64,0.2729952133091469
mini_batch_size,Mini-batch GD,1.0,128,0.0001,42,80,65,0.2731126795934433
mini_batch_size,Mini-batch GD,1.0,128,0.0001,42,80,66,0.27203671895632653
mini_batch_size,Mini-batch GD,1.0,128,0.0001,42,80,67,0.2715887060956428
mini_batch_size,Mini-batch GD,1.0,128,0.0001,42,80,68,0.27096801567069595
mini_batch_size,Mini-batch GD,1.0,128,0.0001,42,80,69,0.27050706344240927
mini_batch_size,Mini-batch GD,1.0,128,0.0001,42,80,70,0.2701205756232871
mini_batch_size,Mini-batch GD,1.0,128,0.0001,42,80,71,0.26951573739607265
mini_batch_size,Mini-batch GD,1.0,128,0.0001,42,80,72,0.26984733106128667
mini_batch_size,Mini-batch GD,1.0,128,0.0001,42,80,73,0.2686855367472341
mini_batch_size,Mini-batch GD,1.0,128,0.0001,42,80,74,0.2683192975670776
mini_batch_size,Mini-batch GD,1.0,128,0.0001,42,80,75,0.267777966496001
mini_batch_size,Mini-batch GD,1.0,128,0.0001,42,80,76,0.26747527970368157
mini_batch_size,Mini-batch GD,1.0,128,0.0001,42,80,77,0.2670486976426161
mini_batch_size,Mini-batch GD,1.0,128,0.0001,42,80,78,0.26671767087989
mini_batch_size,Mini-batch GD,1.0,128,0.0001,42,80,79,0.26615128432418855
mini_batch_size,Mini-batch GD,1.0,128,0.0001,42,80,80,0.26598029261626616
stability_across_seeds,SGD,0.05,,0.0001,1,80,1,0.37665018346888646
stability_across_seeds,SGD,0.05,,0.0001,1,80,2,0.3467178918399511
stability_across_seeds,SGD,0.05,,0.0001,1,80,3,0.3330691786411493
stability_across_seeds,SGD,0.05,,0.0001,1,80,4,0.3138479520269478
stability_across_seeds,SGD,0.05,,0.0001,1,80,5,0.3078943576497458
stability_across_seeds,SGD,0.05,,0.0001,1,80,6,0.29343933968581515
stability_across_seeds,SGD,0.05,,0.0001,1,80,7,0.28816686842371086
stability_across_seeds,SGD,0.05,,0.0001,1,80,8,0.28161999474863864
stability_across_seeds,SGD,0.05,,0.0001,1,80,9,0.27747852476162654
stability_across_seeds,SGD,0.05,,0.0001,1,80,10,0.27375137870203337
stability_across_seeds,SGD,0.05,,0.0001,1,80,11,0.2710333474441665
stability_across_seeds,SGD,0.05,,0.0001,1,80,12,0.2671830765904236
stability_across_seeds,SGD,0.05,,0.0001,1,80,13,0.26498229205178303
stability_across_seeds,SGD,0.05,,0.0001,1,80,14,0.26296834638711714
stability_across_seeds,SGD,0.05,,0.0001,1,80,15,0.26086031674584653
stability_across_seeds,SGD,0.05,,0.0001,1,80,16,0.25952015117671284
stability_across_seeds,SGD,0.05,,0.0001,1,80,17,0.25788080895127685
stability_across_seeds,SGD,0.05,,0.0001,1,80,18,0.2567132359882491
stability_across_seeds,SGD,0.05,,0.0001,1,80,19,0.2555993056290808
stability_across_seeds,SGD,0.05,,0.0001,1,80,20,0.2570935946958635
stability_across_seeds,SGD,0.05,,0.0001,1,80,21,0.2576762705643386
stability_across_seeds,SGD,0.05,,0.0001,1,80,22,0.25547449244645104
stability_across_seeds,SGD,0.05,,0.0001,1,80,23,0.25302246654566407
stability_across_seeds,SGD,0.05,,0.0001,1,80,24,0.2517718065601771
stability_across_seeds,SGD,0.05,,0.0001,1,80,25,0.25260791912073627
stability_across_seeds,SGD,0.05,,0.0001,1,80,26,0.2506827206066569
stability_across_seeds,SGD,0.05,,0.0001,1,80,27,0.25028677901193125
stability_across_seeds,SGD,0.05,,0.0001,1,80,28,0.2514748203106241
stability_across_seeds,SGD,0.05,,0.0001,1,80,29,0.24970376086663473
stability_across_seeds,SGD,0.05,,0.0001,1,80,30,0.24956356074828978
stability_across_seeds,SGD,0.05,,0.0001,1,80,31,0.24890361334065836
stability_across_seeds,SGD,0.05,,0.0001,1,80,32,0.2501142920223382
stability_across_seeds,SGD,0.05,,0.0001,1,80,33,0.24860304404072092
stability_across_seeds,SGD,0.05,,0.0001,1,80,34,0.24820445863729584
stability_across_seeds,SGD,0.05,,0.0001,1,80,35,0.24888367947746384
stability_across_seeds,SGD,0.05,,0.0001,1,80,36,0.24792244058177246
stability_across_seeds,SGD,0.05,,0.0001,1,80,37,0.24780903461716589
stability_across_seeds,SGD,0.05,,0.0001,1,80,38,0.2483495693829924
stability_across_seeds,SGD,0.05,,0.0001,1,80,39,0.24988495869064803
stability_across_seeds,SGD,0.05,,0.0001,1,80,40,0.24741026484070988
stability_across_seeds,SGD,0.05,,0.0001,1,80,41,0.24826358503883494
stability_across_seeds,SGD,0.05,,0.0001,1,80,42,0.2472285040398175
stability_across_seeds,SGD,0.05,,0.0001,1,80,43,0.24697308076328595
stability_across_seeds,SGD,0.05,,0.0001,1,80,44,0.24708244407312432
stability_across_seeds,SGD,0.05,,0.0001,1,80,45,0.2478046668657144
stability_across_seeds,SGD,0.05,,0.0001,1,80,46,0.24693043418007254
stability_across_seeds,SGD,0.05,,0.0001,1,80,47,0.24670820746635125
stability_across_seeds,SGD,0.05,,0.0001,1,80,48,0.2466317710489606
stability_across_seeds,SGD,0.05,,0.0001,1,80,49,0.24660030379566322
stability_across_seeds,SGD,0.05,,0.0001,1,80,50,0.24700665599385926
stability_across_seeds,SGD,0.05,,0.0001,1,80,51,0.24815191334099262
stability_across_seeds,SGD,0.05,,0.0001,1,80,52,0.24647007440919952
stability_across_seeds,SGD,0.05,,0.0001,1,80,53,0.24720806595437428
stability_across_seeds,SGD,0.05,,0.0001,1,80,54,0.2518764971297921
stability_across_seeds,SGD,0.05,,0.0001,1,80,55,0.24665125151822231
stability_across_seeds,SGD,0.05,,0.0001,1,80,56,0.247721363307056
stability_across_seeds,SGD,0.05,,0.0001,1,80,57,0.2472399053556726
stability_across_seeds,SGD,0.05,,0.0001,1,80,58,0.24674578775145478
stability_across_seeds,SGD,0.05,,0.0001,1,80,59,0.24631444816872028
stability_across_seeds,SGD,0.05,,0.0001,1,80,60,0.24626184250742822
stability_across_seeds,SGD,0.05,,0.0001,1,80,61,0.24664791614394843
stability_across_seeds,SGD,0.05,,0.0001,1,80,62,0.24757984138827344
stability_across_seeds,SGD,0.05,,0.0001,1,80,63,0.24706169387414417
stability_across_seeds,SGD,0.05,,0.0001,1,80,64,0.24626491688747698
stability_across_seeds,SGD,0.05,,0.0001,1,80,65,0.24736713392734108
stability_across_seeds,SGD,0.05,,0.0001,1,80,66,0.24616373119524845
stability_across_seeds,SGD,0.05,,0.0001,1,80,67,0.24637445560985793
stability_across_seeds,SGD,0.05,,0.0001,1,80,68,0.24750732126602637
stability_across_seeds,SGD,0.05,,0.0001,1,80,69,0.24640041024204604
stability_across_seeds,SGD,0.05,,0.0001,1,80,70,0.24960788416251156
stability_across_seeds,SGD,0.05,,0.0001,1,80,71,0.24610381833950445
stability_across_seeds,SGD,0.05,,0.0001,1,80,72,0.24611536867125622
stability_across_seeds,SGD,0.05,,0.0001,1,80,73,0.2467831061412745
stability_across_seeds,SGD,0.05,,0.0001,1,80,74,0.24608615305114656
stability_across_seeds,SGD,0.05,,0.0001,1,80,75,0.24609782770344849
stability_across_seeds,SGD,0.05,,0.0001,1,80,76,0.24611919759685552
stability_across_seeds,SGD,0.05,,0.0001,1,80,77,0.246340104601178
stability_across_seeds,SGD,0.05,,0.0001,1,80,78,0.2462495450868897
stability_across_seeds,SGD,0.05,,0.0001,1,80,79,0.24607052999279252
stability_across_seeds,SGD,0.05,,0.0001,1,80,80,0.24606958015147215
stability_across_seeds,SGD,0.05,,0.0001,7,80,1,0.3739502973922687
stability_across_seeds,SGD,0.05,,0.0001,7,80,2,0.34465617195563936
stability_across_seeds,SGD,0.05,,0.0001,7,80,3,0.325326776737971
stability_across_seeds,SGD,0.05,,0.0001,7,80,4,0.31234671962740873
stability_across_seeds,SGD,0.05,,0.0001,7,80,5,0.302202025334331
stability_across_seeds,SGD,0.05,,0.0001,7,80,6,0.29361862072134814
stability_across_seeds,SGD,0.05,,0.0001,7,80,7,0.28720070185197527
stability_across_seeds,SGD,0.05,,0.0001,7,80,8,0.28151530463016944
stability_across_seeds,SGD,0.05,,0.0001,7,80,9,0.27708056063695985
stability_across_seeds,SGD,0.05,,0.0001,7,80,10,0.27341158877955557
stability_across_seeds,SGD,0.05,,0.0001,7,80,11,0.2703033014472489
stability_across_seeds,SGD,0.05,,0.0001,7,80,12,0.26735089920230265
stability_across_seeds,SGD,0.05,,0.0001,7,80,13,0.2656761458437703
stability_across_seeds,SGD,0.05,,0.0001,7,80,14,0.26451025986872523
stability_across_seeds,SGD,0.05,,0.0001,7,80,15,0.26267475954850195
stability_across_seeds,SGD,0.05,,0.0001,7,80,16,0.2594396247283477
stability_across_seeds,SGD,0.05,,0.0001,7,80,17,0.25834927682065295
stability_across_seeds,SGD,0.05,,0.0001,7,80,18,0.2576791510826643
stability_across_seeds,SGD,0.05,,0.0001,7,80,19,0.25925632778615204
stability_across_seeds,SGD,0.05,,0.0001,7,80,20,0.25489624413528406
stability_across_seeds,SGD,0.05,,0.0001,7,80,21,0.2539538790163475
stability_across_seeds,SGD,0.05,,0.0001,7,80,22,0.2551550511727326
stability_across_seeds,SGD,0.05,,0.0001,7,80,23,0.25499768423138003
stability_across_seeds,SGD,0.05,,0.0001,7,80,24,0.2517479395385661
stability_across_seeds,SGD,0.05,,0.0001,7,80,25,0.2515313251917006
stability_across_seeds,SGD,0.05,,0.0001,7,80,26,0.2507040319048604
stability_across_seeds,SGD,0.05,,0.0001,7,80,27,0.25071796888536924
stability_across_seeds,SGD,0.05,,0.0001,7,80,28,0.25022956777725835
stability_across_seeds,SGD,0.05,,0.0001,7,80,29,0.2499961694406988
stability_across_seeds,SGD,0.05,,0.0001,7,80,30,0.2503311154630232
stability_across_seeds,SGD,0.05,,0.0001,7,80,31,0.24889951661983112
stability_across_seeds,SGD,0.05,,0.0001,7,80,32,0.24864593991136208
stability_across_seeds,SGD,0.05,,0.0001,7,80,33,0.24917073266206943
stability_across_seeds,SGD,0.05,,0.0001,7,80,34,0.24851845593651892
stability_across_seeds,SGD,0.05,,0.0001,7,80,35,0.2488361302335746
stability_across_seeds,SGD,0.05,,0.0001,7,80,36,0.2478607038981691
stability_across_seeds,SGD,0.05,,0.0001,7,80,37,0.24766551961131578
stability_across_seeds,SGD,0.05,,0.0001,7,80,38,0.24833743187797222
stability_across_seeds,SGD,0.05,,0.0001,7,80,39,0.2485051792723218
stability_across_seeds,SGD,0.05,,0.0001,7,80,40,0.2472965187910786
stability_across_seeds,SGD,0.05,,0.0001,7,80,41,0.2474216921058378
stability_across_seeds,SGD,0.05,,0.0001,7,80,42,0.24730960804437394
stability_across_seeds,SGD,0.05,,0.0001,7,80,43,0.24741538513182212
stability_across_seeds,SGD,0.05,,0.0001,7,80,44,0.2471527536546941
stability_across_seeds,SGD,0.05,,0.0001,7,80,45,0.2477061538849194
stability_across_seeds,SGD,0.05,,0.0001,7,80,46,0.2468450610757082
stability_across_seeds,SGD,0.05,,0.0001,7,80,47,0.24723069458861524
stability_across_seeds,SGD,0.05,,0.0001,7,80,48,0.24726838124775796
stability_across_seeds,SGD,0.05,,0.0001,7,80,49,0.2482819202711599
stability_across_seeds,SGD,0.05,,0.0001,7,80,50,0.2466459272740216
stability_across_seeds,SGD,0.05,,0.0001,7,80,51,0.2481939204174172
stability_across_seeds,SGD,0.05,,0.0001,7,80,52,0.24720936566319904
stability_across_seeds,SGD,0.05,,0.0001,7,80,53,0.2464539729804638
stability_across_seeds,SGD,0.05,,0.0001,7,80,54,0.24726014135546065
stability_across_seeds,SGD,0.05,,0.0001,7,80,55,0.24634823618148716
stability_across_seeds,SGD,0.05,,0.0001,7,80,56,0.24667452771234327
stability_across_seeds,SGD,0.05,,0.0001,7,80,57,0.24814322781775716
stability_across_seeds,SGD,0.05,,0.0001,7,80,58,0.246278992775411
stability_across_seeds,SGD,0.05,,0.0001,7,80,59,0.2468566692745882
stability_across_seeds,SGD,0.05,,0.0001,7,80,60,0.24826328898083508
stability_across_seeds,SGD,0.05,,0.0001,7,80,61,0.24623874825943998
stability_across_seeds,SGD,0.05,,0.0001,7,80,62,0.2462165757173328
stability_across_seeds,SGD,0.05,,0.0001,7,80,63,0.24618329395500954
stability_across_seeds,SGD,0.05,,0.0001,7,80,64,0.24648968062553314
stability_across_seeds,SGD,0.05,,0.0001,7,80,65,0.2465939269926923
stability_across_seeds,SGD,0.05,,0.0001,7,80,66,0.2461567093381074
stability_across_seeds,SGD,0.05,,0.0001,7,80,67,0.2461381163156499
stability_across_seeds,SGD,0.05,,0.0001,7,80,68,0.2465578444360365
stability_across_seeds,SGD,0.05,,0.0001,7,80,69,0.24817182795261716
stability_across_seeds,SGD,0.05,,0.0001,7,80,70,0.24621431920884826
stability_across_seeds,SGD,0.05,,0.0001,7,80,71,0.2463036313267437
stability_across_seeds,SGD,0.05,,0.0001,7,80,72,0.24642287432876547
stability_across_seeds,SGD,0.05,,0.0001,7,80,73,0.24648544965477023
stability_across_seeds,SGD,0.05,,0.0001,7,80,74,0.24607336861316417
stability_across_seeds,SGD,0.05,,0.0001,7,80,75,0.2461645586575622
stability_across_seeds,SGD,0.05,,0.0001,7,80,76,0.2475109283562559
stability_across_seeds,SGD,0.05,,0.0001,7,80,77,0.24687289004476892
stability_across_seeds,SGD,0.05,,0.0001,7,80,78,0.24605438560354972
stability_across_seeds,SGD,0.05,,0.0001,7,80,79,0.24616124312134138
stability_across_seeds,SGD,0.05,,0.0001,7,80,80,0.2460707146462275
stability_across_seeds,SGD,0.05,,0.0001,42,80,1,0.3730673026694482
stability_across_seeds,SGD,0.05,,0.0001,42,80,2,0.34398237558034983
stability_across_seeds,SGD,0.05,,0.0001,42,80,3,0.3271137674251225
stability_across_seeds,SGD,0.05,,0.0001,42,80,4,0.3165672610944728
stability_across_seeds,SGD,0.05,,0.0001,42,80,5,0.3052161696143602
stability_across_seeds,SGD,0.05,,0.0001,42,80,6,0.2934888937906726
stability_across_seeds,SGD,0.05,,0.0001,42,80,7,0.2871467616025603
stability_across_seeds,SGD,0.05,,0.0001,42,80,8,0.28434333721487853
stability_across_seeds,SGD,0.05,,0.0001,42,80,9,0.2770874731971689
stability_across_seeds,SGD,0.05,,0.0001,42,80,10,0.274868577355586
stability_across_seeds,SGD,0.05,,0.0001,42,80,11,0.26995687998744367
stability_across_seeds,SGD,0.05,,0.0001,42,80,12,0.2672282536731679
stability_across_seeds,SGD,0.05,,0.0001,42,80,13,0.26487155450419536
stability_across_seeds,SGD,0.05,,0.0001,42,80,14,0.2636927422999216
stability_across_seeds,SGD,0.05,,0.0001,42,80,15,0.26102171446742484
stability_across_seeds,SGD,0.05,,0.0001,42,80,16,0.261538250412611
stability_across_seeds,SGD,0.05,,0.0001,42,80,17,0.2579047734309966
stability_across_seeds,SGD,0.05,,0.0001,42,80,18,0.25673103833734856
stability_across_seeds,SGD,0.05,,0.0001,42,80,19,0.25567512915039364
stability_across_seeds,SGD,0.05,,0.0001,42,80,20,0.2546146212677066
stability_across_seeds,SGD,0.05,,0.0001,42,80,21,0.25556950604644163
stability_across_seeds,SGD,0.05,,0.0001,42,80,22,0.2530989836785525
stability_across_seeds,SGD,0.05,,0.0001,42,80,23,0.25285986622561785
stability_across_seeds,SGD,0.05,,0.0001,42,80,24,0.2518361701701904
stability_across_seeds,SGD,0.05,,0.0001,42,80,25,0.25133560663076615
stability_across_seeds,SGD,0.05,,0.0001,42,80,26,0.25139089469473636
stability_across_seeds,SGD,0.05,,0.0001,42,80,27,0.2506028824093113
stability_across_seeds,SGD,0.05,,0.0001,42,80,28,0.24990462541686773
stability_across_seeds,SGD,0.05,,0.0001,42,80,29,0.2498751648816114
stability_across_seeds,SGD,0.05,,0.0001,42,80,30,0.25004570494369227
stability_across_seeds,SGD,0.05,,0.0001,42,80,31,0.24922283901127845
stability_across_seeds,SGD,0.05,,0.0001,42,80,32,0.24864199954463337
stability_across_seeds,SGD,0.05,,0.0001,42,80,33,0.25025972935492674
stability_across_seeds,SGD,0.05,,0.0001,42,80,34,0.251988655210105
stability_across_seeds,SGD,0.05,,0.0001,42,80,35,0.2480655984764848
stability_across_seeds,SGD,0.05,,0.0001,42,80,36,0.24962468561626658
stability_across_seeds,SGD,0.05,,0.0001,42,80,37,0.2477008966927895
stability_across_seeds,SGD,0.05,,0.0001,42,80,38,0.2498449067378691
stability_across_seeds,SGD,0.05,,0.0001,42,80,39,0.2482128322015813
stability_across_seeds,SGD,0.05,,0.0001,42,80,40,0.24759467302290303
stability_across_seeds,SGD,0.05,,0.0001,42,80,41,0.24734517460023314
stability_across_seeds,SGD,0.05,,0.0001,42,80,42,0.24737251383335024
stability_across_seeds,SGD,0.05,,0.0001,42,80,43,0.2474245057468625
stability_across_seeds,SGD,0.05,,0.0001,42,80,44,0.24690360637992953
stability_across_seeds,SGD,0.05,,0.0001,42,80,45,0.24851600899670678
stability_across_seeds,SGD,0.05,,0.0001,42,80,46,0.24679541680780462
stability_across_seeds,SGD,0.05,,0.0001,42,80,47,0.24715669585031716
stability_across_seeds,SGD,0.05,,0.0001,42,80,48,0.24708122348491832
stability_across_seeds,SGD,0.05,,0.0001,42,80,49,0.246680550095078
stability_across_seeds,SGD,0.05,,0.0001,42,80,50,0.24657288854760245
stability_across_seeds,SGD,0.05,,0.0001,42,80,51,0.24696262181369272
stability_across_seeds,SGD,0.05,,0.0001,42,80,52,0.2477753819303042
stability_across_seeds,SGD,0.05,,0.0001,42,80,53,0.24668941793648672
stability_across_seeds,SGD,0.05,,0.0001,42,80,54,0.24643050486727586
stability_across_seeds,SGD,0.05,,0.0001,42,80,55,0.24634696938489128
stability_across_seeds,SGD,0.05,,0.0001,42,80,56,0.2463195737097861
stability_across_seeds,SGD,0.05,,0.0001,42,80,57,0.24637936623672055
stability_across_seeds,SGD,0.05,,0.0001,42,80,58,0.24639757294682396
stability_across_seeds,SGD,0.05,,0.0001,42,80,59,0.24752759810138744
stability_across_seeds,SGD,0.05,,0.0001,42,80,60,0.24662240619735556
stability_across_seeds,SGD,0.05,,0.0001,42,80,61,0.24736815181422098
stability_across_seeds,SGD,0.05,,0.0001,42,80,62,0.2470632015258309
stability_across_seeds,SGD,0.05,,0.0001,42,80,63,0.2461825770187866
stability_across_seeds,SGD,0.05,,0.0001,42,80,64,0.24646771199373257
stability_across_seeds,SGD,0.05,,0.0001,42,80,65,0.24936812420631638
stability_across_seeds,SGD,0.05,,0.0001,42,80,66,0.24650169627367466
stability_across_seeds,SGD,0.05,,0.0001,42,80,67,0.24614629016368847
stability_across_seeds,SGD,0.05,,0.0001,42,80,68,0.24654524409756298
stability_across_seeds,SGD,0.05,,0.0001,42,80,69,0.24611477234281498
stability_across_seeds,SGD,0.05,,0.0001,42,80,70,0.24681105560452835
stability_across_seeds,SGD,0.05,,0.0001,42,80,71,0.24622528973965876
stability_across_seeds,SGD,0.05,,0.0001,42,80,72,0.2504658240732252
stability_across_seeds,SGD,0.05,,0.0001,42,80,73,0.24654046352198822
stability_across_seeds,SGD,0.05,,0.0001,42,80,74,0.24820198727304388
stability_across_seeds,SGD,0.05,,0.0001,42,80,75,0.24608436754798757
stability_across_seeds,SGD,0.05,,0.0001,42,80,76,0.24631918391974056
stability_across_seeds,SGD,0.05,,0.0001,42,80,77,0.24631017763820906
stability_across_seeds,SGD,0.05,,0.0001,42,80,78,0.2471277389371116
stability_across_seeds,SGD,0.05,,0.0001,42,80,79,0.24618059210526205
stability_across_seeds,SGD,0.05,,0.0001,42,80,80,0.24835225169401007
stability_across_seeds,SGD,0.05,,0.0001,99,80,1,0.37575146425055495
stability_across_seeds,SGD,0.05,,0.0001,99,80,2,0.3464740974552739
stability_across_seeds,SGD,0.05,,0.0001,99,80,3,0.32547576039775344
stability_across_seeds,SGD,0.05,,0.0001,99,80,4,0.3117595217431908
stability_across_seeds,SGD,0.05,,0.0001,99,80,5,0.30771477933467867
stability_across_seeds,SGD,0.05,,0.0001,99,80,6,0.29366831817929884
stability_across_seeds,SGD,0.05,,0.0001,99,80,7,0.28725254118425386
stability_across_seeds,SGD,0.05,,0.0001,99,80,8,0.2821646145487108
stability_across_seeds,SGD,0.05,,0.0001,99,80,9,0.2780070069239481
stability_across_seeds,SGD,0.05,,0.0001,99,80,10,0.2775020837917899
stability_across_seeds,SGD,0.05,,0.0001,99,80,11,0.2700443806136772
stability_across_seeds,SGD,0.05,,0.0001,99,80,12,0.26778105210291625
stability_across_seeds,SGD,0.05,,0.0001,99,80,13,0.2648910643479478
stability_across_seeds,SGD,0.05,,0.0001,99,80,14,0.26306204718506676
stability_across_seeds,SGD,0.05,,0.0001,99,80,15,0.26086753475083835
stability_across_seeds,SGD,0.05,,0.0001,99,80,16,0.2646030493150499
stability_across_seeds,SGD,0.05,,0.0001,99,80,17,0.2585006172944736
stability_across_seeds,SGD,0.05,,0.0001,99,80,18,0.25953836231307864
stability_across_seeds,SGD,0.05,,0.0001,99,80,19,0.25566379932683625
stability_across_seeds,SGD,0.05,,0.0001,99,80,20,0.2587249510185435
stability_across_seeds,SGD,0.05,,0.0001,99,80,21,0.25734414757747703
stability_across_seeds,SGD,0.05,,0.0001,99,80,22,0.25357902090516427
stability_across_seeds,SGD,0.05,,0.0001,99,80,23,0.2523475668328055
stability_across_seeds,SGD,0.05,,0.0001,99,80,24,0.2523442391759808
stability_across_seeds,SGD,0.05,,0.0001,99,80,25,0.25150764761775474
stability_across_seeds,SGD,0.05,,0.0001,99,80,26,0.25084701897263517
stability_across_seeds,SGD,0.05,,0.0001,99,80,27,0.2504033881578355
stability_across_seeds,SGD,0.05,,0.0001,99,80,28,0.25013944701371577
stability_across_seeds,SGD,0.05,,0.0001,99,80,29,0.25048759979499596
stability_across_seeds,SGD,0.05,,0.0001,99,80,30,0.24920006271737583
stability_across_seeds,SGD,0.05,,0.0001,99,80,31,0.2488977994959765
stability_across_seeds,SGD,0.05,,0.0001,99,80,32,0.24867159419177817
stability_across_seeds,SGD,0.05,,0.0001,99,80,33,0.2497760304574261
stability_across_seeds,SGD,0.05,,0.0001,99,80,34,0.2493594737598965
stability_across_seeds,SGD,0.05,,0.0001,99,80,35,0.24885805949983397
stability_across_seeds,SGD,0.05,,0.0001,99,80,36,0.25133784625697314
stability_across_seeds,SGD,0.05,,0.0001,99,80,37,0.24856767032258067
stability_across_seeds,SGD,0.05,,0.0001,99,80,38,0.24784971125025856
stability_across_seeds,SGD,0.05,,0.0001,99,80,39,0.24832088876886274
stability_across_seeds,SGD,0.05,,0.0001,99,80,40,0.2473518343721325
stability_across_seeds,SGD,0.05,,0.0001,99,80,41,0.24720909433257793
stability_across_seeds,SGD,0.05,,0.0001,99,80,42,0.24706316549960936
stability_across_seeds,SGD,0.05,,0.0001,99,80,43,0.24747762345476074
stability_across_seeds,SGD,0.05,,0.0001,99,80,44,0.247776035120186
stability_across_seeds,SGD,0.05,,0.0001,99,80,45,0.24744118934635587
stability_across_seeds,SGD,0.05,,0.0001,99,80,46,0.24712331633544946
stability_across_seeds,SGD,0.05,,0.0001,99,80,47,0.24686861730095733
stability_across_seeds,SGD,0.05,,0.0001,99,80,48,0.24723360659621188
stability_across_seeds,SGD,0.05,,0.0001,99,80,49,0.24699065144692273
stability_across_seeds,SGD,0.05,,0.0001,99,80,50,0.24837481953938928
stability_across_seeds,SGD,0.05,,0.0001,99,80,51,0.24763125328206192
stability_across_seeds,SGD,0.05,,0.0001,99,80,52,0.24691623445132604
stability_across_seeds,SGD,0.05,,0.0001,99,80,53,0.248552556569138
stability_across_seeds,SGD,0.05,,0.0001,99,80,54,0.24680832910976871
stability_across_seeds,SGD,0.05,,0.0001,99,80,55,0.2481298862695183
stability_across_seeds,SGD,0.05,,0.0001,99,80,56,0.24638987892128478
stability_across_seeds,SGD,0.05,,0.0001,99,80,57,0.2463006996928903
stability_across_seeds,SGD,0.05,,0.0001,99,80,58,0.246300291032216
stability_across_seeds,SGD,0.05,,0.0001,99,80,59,0.2464965903854226
stability_across_seeds,SGD,0.05,,0.0001,99,80,60,0.24692284528836628
stability_across_seeds,SGD,0.05,,0.0001,99,80,61,0.2462260189029835
stability_across_seeds,SGD,0.05,,0.0001,99,80,62,0.2462181162224188
stability_across_seeds,SGD,0.05,,0.0001,99,80,63,0.24620236262104472
stability_across_seeds,SGD,0.05,,0.0001,99,80,64,0.24649603711352033
stability_across_seeds,SGD,0.05,,0.0001,99,80,65,0.24732657744163022
stability_across_seeds,SGD,0.05,,0.0001,99,80,66,0.24615957035010272
stability_across_seeds,SGD,0.05,,0.0001,99,80,67,0.24761419125301704
stability_across_seeds,SGD,0.05,,0.0001,99,80,68,0.24636058643962572
stability_across_seeds,SGD,0.05,,0.0001,99,80,69,0.24620884712560615
stability_across_seeds,SGD,0.05,,0.0001,99,80,70,0.2466423807966692
stability_across_seeds,SGD,0.05,,0.0001,99,80,71,0.24881249113667822
stability_across_seeds,SGD,0.05,,0.0001,99,80,72,0.24621304268077573
stability_across_seeds,SGD,0.05,,0.0001,99,80,73,0.24666306298342378
stability_across_seeds,SGD,0.05,,0.0001,99,80,74,0.24609142726198
stability_across_seeds,SGD,0.05,,0.0001,99,80,75,0.24722565347225725
stability_across_seeds,SGD,0.05,,0.0001,99,80,76,0.246644753141325
stability_across_seeds,SGD,0.05,,0.0001,99,80,77,0.24608702152831566
stability_across_seeds,SGD,0.05,,0.0001,99,80,78,0.2478690289024676
stability_across_seeds,SGD,0.05,,0.0001,99,80,79,0.2500850825783243
stability_across_seeds,SGD,0.05,,0.0001,99,80,80,0.2480178077636146
stability_across_seeds,SGD,0.05,,0.0001,123,80,1,0.3744516326157897
stability_across_seeds,SGD,0.05,,0.0001,123,80,2,0.34530850592640205
stability_across_seeds,SGD,0.05,,0.0001,123,80,3,0.3255462045895719
stability_across_seeds,SGD,0.05,,0.0001,123,80,4,0.3119069022032517
stability_across_seeds,SGD,0.05,,0.0001,123,80,5,0.3018921487940828
stability_across_seeds,SGD,0.05,,0.0001,123,80,6,0.2942555545766428
stability_across_seeds,SGD,0.05,,0.0001,123,80,7,0.2869884070884282
stability_across_seeds,SGD,0.05,,0.0001,123,80,8,0.2827780304854862
stability_across_seeds,SGD,0.05,,0.0001,123,80,9,0.2779873060308088
stability_across_seeds,SGD,0.05,,0.0001,123,80,10,0.27944856325269424
stability_across_seeds,SGD,0.05,,0.0001,123,80,11,0.2708417833176393
stability_across_seeds,SGD,0.05,,0.0001,123,80,12,0.2711144433225517
stability_across_seeds,SGD,0.05,,0.0001,123,80,13,0.2650193027670841
stability_across_seeds,SGD,0.05,,0.0001,123,80,14,0.26284407523155096
stability_across_seeds,SGD,0.05,,0.0001,123,80,15,0.26169155892093593
stability_across_seeds,SGD,0.05,,0.0001,123,80,16,0.25979294326318114
stability_across_seeds,SGD,0.05,,0.0001,123,80,17,0.2584552067462011
stability_across_seeds,SGD,0.05,,0.0001,123,80,18,0.2580057453660567
stability_across_seeds,SGD,0.05,,0.0001,123,80,19,0.2559731967011188
stability_across_seeds,SGD,0.05,,0.0001,123,80,20,0.255787218421331
stability_across_seeds,SGD,0.05,,0.0001,123,80,21,0.25410506075017636
stability_across_seeds,SGD,0.05,,0.0001,123,80,22,0.25341698820893327
stability_across_seeds,SGD,0.05,,0.0001,123,80,23,0.25292529025003674
stability_across_seeds,SGD,0.05,,0.0001,123,80,24,0.2580579745947157
stability_across_seeds,SGD,0.05,,0.0001,123,80,25,0.2512558755509536
stability_across_seeds,SGD,0.05,,0.0001,123,80,26,0.25186604665841783
stability_across_seeds,SGD,0.05,,0.0001,123,80,27,0.2512430676328399
stability_across_seeds,SGD,0.05,,0.0001,123,80,28,0.2505979896368485
stability_across_seeds,SGD,0.05,,0.0001,123,80,29,0.2495389444165227
stability_across_seeds,SGD,0.05,,0.0001,123,80,30,0.24944554020912785
stability_across_seeds,SGD,0.05,,0.0001,123,80,31,0.24896962667874012
stability_across_seeds,SGD,0.05,,0.0001,123,80,32,0.24973184030822534
stability_across_seeds,SGD,0.05,,0.0001,123,80,33,0.2484110382262457
stability_across_seeds,SGD,0.05,,0.0001,123,80,34,0.24832583279208725
stability_across_seeds,SGD,0.05,,0.0001,123,80,35,0.24826966706887438
stability_across_seeds,SGD,0.05,,0.0001,123,80,36,0.24804102036832146
stability_across_seeds,SGD,0.05,,0.0001,123,80,37,0.24981760798294306
stability_across_seeds,SGD,0.05,,0.0001,123,80,38,0.24840985243695649
stability_across_seeds,SGD,0.05,,0.0001,123,80,39,0.24740390080720845
stability_across_seeds,SGD,0.05,,0.0001,123,80,40,0.2499523279322622
stability_across_seeds,SGD,0.05,,0.0001,123,80,41,0.24738256165095424
stability_across_seeds,SGD,0.05,,0.0001,123,80,42,0.24718418179257703
stability_across_seeds,SGD,0.05,,0.0001,123,80,43,0.24700709599707482
stability_across_seeds,SGD,0.05,,0.0001,123,80,44,0.24708928657512585
stability_across_seeds,SGD,0.05,,0.0001,123,80,45,0.24809253844777723
stability_across_seeds,SGD,0.05,,0.0001,123,80,46,0.24676611200663526
stability_across_seeds,SGD,0.05,,0.0001,123,80,47,0.2466869479271515
stability_across_seeds,SGD,0.05,,0.0001,123,80,48,0.246952811330515
stability_across_seeds,SGD,0.05,,0.0001,123,80,49,0.2510344042661201
stability_across_seeds,SGD,0.05,,0.0001,123,80,50,0.24669975462282243
stability_across_seeds,SGD,0.05,,0.0001,123,80,51,0.24681918940686653
stability_across_seeds,SGD,0.05,,0.0001,123,80,52,0.24777999389838248
stability_across_seeds,SGD,0.05,,0.0001,123,80,53,0.24657741453406914
stability_across_seeds,SGD,0.05,,0.0001,123,80,54,0.24668943709254515
stability_across_seeds,SGD,0.05,,0.0001,123,80,55,0.24637836913071942
stability_across_seeds,SGD,0.05,,0.0001,123,80,56,0.24653022968933325
stability_across_seeds,SGD,0.05,,0.0001,123,80,57,0.24631789216585265
stability_across_seeds,SGD,0.05,,0.0001,123,80,58,0.24628016277790246
stability_across_seeds,SGD,0.05,,0.0001,123,80,59,0.24663175354182887
stability_across_seeds,SGD,0.05,,0.0001,123,80,60,0.2485258403085565
stability_across_seeds,SGD,0.05,,0.0001,123,80,61,0.24801541143389566
stability_across_seeds,SGD,0.05,,0.0001,123,80,62,0.24621276976610473
stability_across_seeds,SGD,0.05,,0.0001,123,80,63,0.24674674655982892
stability_across_seeds,SGD,0.05,,0.0001,123,80,64,0.24643759052393574
stability_across_seeds,SGD,0.05,,0.0001,123,80,65,0.24627184639809982
stability_across_seeds,SGD,0.05,,0.0001,123,80,66,0.2462201373276811
stability_across_seeds,SGD,0.05,,0.0001,123,80,67,0.24874184127147045
stability_across_seeds,SGD,0.05,,0.0001,123,80,68,0.2473544959585007
stability_across_seeds,SGD,0.05,,0.0001,123,80,69,0.24624160961823838
stability_across_seeds,SGD,0.05,,0.0001,123,80,70,0.24647223823290484
stability_across_seeds,SGD,0.05,,0.0001,123,80,71,0.24609968606106783
stability_across_seeds,SGD,0.05,,0.0001,123,80,72,0.24633711771657113
stability_across_seeds,SGD,0.05,,0.0001,123,80,73,0.24622687691782735
stability_across_seeds,SGD,0.05,,0.0001,123,80,74,0.24681381224616045
stability_across_seeds,SGD,0.05,,0.0001,123,80,75,0.24694366621525896
stability_across_seeds,SGD,0.05,,0.0001,123,80,76,0.2484986059088164
stability_across_seeds,SGD,0.05,,0.0001,123,80,77,0.2460679811564582
stability_across_seeds,SGD,0.05,,0.0001,123,80,78,0.246866963549755
stability_across_seeds,SGD,0.05,,0.0001,123,80,79,0.24640223764769278
stability_across_seeds,SGD,0.05,,0.0001,123,80,80,0.24670666918116257
stability_across_seeds,Mini-batch GD,1.0,64,0.0001,1,80,1,0.410350226359406
stability_across_seeds,Mini-batch GD,1.0,64,0.0001,1,80,2,0.3904997009807222
stability_across_seeds,Mini-batch GD,1.0,64,0.0001,1,80,3,0.37667550004529393
stability_across_seeds,Mini-batch GD,1.0,64,0.0001,1,80,4,0.36535706980843907
stability_across_seeds,Mini-batch GD,1.0,64,0.0001,1,80,5,0.35586774054147763
stability_across_seeds,Mini-batch GD,1.0,64,0.0001,1,80,6,0.3469260902761702
stability_across_seeds,Mini-batch GD,1.0,64,0.0001,1,80,7,0.34037820773822614
stability_across_seeds,Mini-batch GD,1.0,64,0.0001,1,80,8,0.3341141937965796
stability_across_seeds,Mini-batch GD,1.0,64,0.0001,1,80,9,0.3285479438643864
stability_across_seeds,Mini-batch GD,1.0,64,0.0001,1,80,10,0.3235459374659754
stability_across_seeds,Mini-batch GD,1.0,64,0.0001,1,80,11,0.3192055545914943
stability_across_seeds,Mini-batch GD,1.0,64,0.0001,1,80,12,0.3149978383369283
stability_across_seeds,Mini-batch GD,1.0,64,0.0001,1,80,13,0.31129903501541734
stability_across_seeds,Mini-batch GD,1.0,64,0.0001,1,80,14,0.30806171545839384
stability_across_seeds,Mini-batch GD,1.0,64,0.0001,1,80,15,0.3046497327153312
stability_across_seeds,Mini-batch GD,1.0,64,0.0001,1,80,16,0.30177032439155044
stability_across_seeds,Mini-batch GD,1.0,64,0.0001,1,80,17,0.29897710331388844
stability_across_seeds,Mini-batch GD,1.0,64,0.0001,1,80,18,0.2964467615820775
stability_across_seeds,Mini-batch GD,1.0,64,0.0001,1,80,19,0.2940985700997571
stability_across_seeds,Mini-batch GD,1.0,64,0.0001,1,80,20,0.2925773654951285
stability_across_seeds,Mini-batch GD,1.0,64,0.0001,1,80,21,0.29053839543472587
stability_across_seeds,Mini-batch GD,1.0,64,0.0001,1,80,22,0.28812922321845985
stability_across_seeds,Mini-batch GD,1.0,64,0.0001,1,80,23,0.28626712034601726
stability_across_seeds,Mini-batch GD,1.0,64,0.0001,1,80,24,0.28420898312548276
stability_across_seeds,Mini-batch GD,1.0,64,0.0001,1,80,25,0.28317341738927304
stability_across_seeds,Mini-batch GD,1.0,64,0.0001,1,80,26,0.28102502156321735
stability_across_seeds,Mini-batch GD,1.0,64,0.0001,1,80,27,0.2795607792061923
stability_across_seeds,Mini-batch GD,1.0,64,0.0001,1,80,28,0.27844691461792354
stability_across_seeds,Mini-batch GD,1.0,64,0.0001,1,80,29,0.2769845969407201
stability_across_seeds,Mini-batch GD,1.0,64,0.0001,1,80,30,0.27598392911080266
stability_across_seeds,Mini-batch GD,1.0,64,0.0001,1,80,31,0.2744781576469808
stability_across_seeds,Mini-batch GD,1.0,64,0.0001,1,80,32,0.2735654642815572
stability_across_seeds,Mini-batch GD,1.0,64,0.0001,1,80,33,0.2723711955702338
stability_across_seeds,Mini-batch GD,1.0,64,0.0001,1,80,34,0.27130763830723087
stability_across_seeds,Mini-batch GD,1.0,64,0.0001,1,80,35,0.2706614199546818
stability_across_seeds,Mini-batch GD,1.0,64,0.0001,1,80,36,0.26935668084701603
stability_across_seeds,Mini-batch GD,1.0,64,0.0001,1,80,37,0.26851442467995346
stability_across_seeds,Mini-batch GD,1.0,64,0.0001,1,80,38,0.2677187281050134
stability_across_seeds,Mini-batch GD,1.0,64,0.0001,1,80,39,0.2675917953524641
stability_across_seeds,Mini-batch GD,1.0,64,0.0001,1,80,40,0.26613688044123057
stability_across_seeds,Mini-batch GD,1.0,64,0.0001,1,80,41,0.2654387287614645
stability_across_seeds,Mini-batch GD,1.0,64,0.0001,1,80,42,0.2646568308887728
stability_across_seeds,Mini-batch GD,1.0,64,0.0001,1,80,43,0.26400535226426103
stability_across_seeds,Mini-batch GD,1.0,64,0.0001,1,80,44,0.2633411891863411
stability_across_seeds,Mini-batch GD,1.0,64,0.0001,1,80,45,0.2627208805508982
stability_across_seeds,Mini-batch GD,1.0,64,0.0001,1,80,46,0.2621360437967558
stability_across_seeds,Mini-batch GD,1.0,64,0.0001,1,80,47,0.26165656955777905
stability_across_seeds,Mini-batch GD,1.0,64,0.0001,1,80,48,0.2610231688806874
stability_across_seeds,Mini-batch GD,1.0,64,0.0001,1,80,49,0.2604855887486865
stability_across_seeds,Mini-batch GD,1.0,64,0.0001,1,80,50,0.26000797245330187
stability_across_seeds,Mini-batch GD,1.0,64,0.0001,1,80,51,0.26066629599079516
stability_across_seeds,Mini-batch GD,1.0,64,0.0001,1,80,52,0.2590714318100817
stability_across_seeds,Mini-batch GD,1.0,64,0.0001,1,80,53,0.25892702116022887
stability_across_seeds,Mini-batch GD,1.0,64,0.0001,1,80,54,0.25986311254500327
stability_across_seeds,Mini-batch GD,1.0,64,0.0001,1,80,55,0.25787652743521916
stability_across_seeds,Mini-batch GD,1.0,64,0.0001,1,80,56,0.2576686748824023
stability_across_seeds,Mini-batch GD,1.0,64,0.0001,1,80,57,0.2570658970230646
stability_across_seeds,Mini-batch GD,1.0,64,0.0001,1,80,58,0.2568581495324677
stability_across_seeds,Mini-batch GD,1.0,64,0.0001,1,80,59,0.2566420994461482
stability_across_seeds,Mini-batch GD,1.0,64,0.0001,1,80,60,0.2559944077261016
stability_across_seeds,Mini-batch GD,1.0,64,0.0001,1,80,61,0.25563828426560214
stability_across_seeds,Mini-batch GD,1.0,64,0.0001,1,80,62,0.25536641872500326
stability_across_seeds,Mini-batch GD,1.0,64,0.0001,1,80,63,0.25529136113443524
stability_across_seeds,Mini-batch GD,1.0,64,0.0001,1,80,64,0.254888709505293
stability_across_seeds,Mini-batch GD,1.0,64,0.0001,1,80,65,0.25477073978304915
stability_across_seeds,Mini-batch GD,1.0,64,0.0001,1,80,66,0.254193051566985
stability_across_seeds,Mini-batch GD,1.0,64,0.0001,1,80,67,0.25410738540935557
stability_across_seeds,Mini-batch GD,1.0,64,0.0001,1,80,68,0.2537458620039011
stability_across_seeds,Mini-batch GD,1.0,64,0.0001,1,80,69,0.2536144398760834
stability_across_seeds,Mini-batch GD,1.0,64,0.0001,1,80,70,0.25419400867803144
stability_across_seeds,Mini-batch GD,1.0,64,0.0001,1,80,71,0.25303225508647575
stability_across_seeds,Mini-batch GD,1.0,64,0.0001,1,80,72,0.25275627016110114
stability_across_seeds,Mini-batch GD,1.0,64,0.0001,1,80,73,0.25293047854829015
stability_across_seeds,Mini-batch GD,1.0,64,0.0001,1,80,74,0.2523358848747985
stability_across_seeds,Mini-batch GD,1.0,64,0.0001,1,80,75,0.2521860557551103
stability_across_seeds,Mini-batch GD,1.0,64,0.0001,1,80,76,0.25200236212971067
stability_across_seeds,Mini-batch GD,1.0,64,0.0001,1,80,77,0.2518238239880893
stability_across_seeds,Mini-batch GD,1.0,64,0.0001,1,80,78,0.2517795685108346
stability_across_seeds,Mini-batch GD,1.0,64,0.0001,1,80,79,0.25149137217151163
stability_across_seeds,Mini-batch GD,1.0,64,0.0001,1,80,80,0.2512810201343386
stability_across_seeds,Mini-batch GD,1.0,64,0.0001,7,80,1,0.41150283718572567
stability_across_seeds,Mini-batch GD,1.0,64,0.0001,7,80,2,0.3893864421575351
stability_across_seeds,Mini-batch GD,1.0,64,0.0001,7,80,3,0.37516783119644986
stability_across_seeds,Mini-batch GD,1.0,64,0.0001,7,80,4,0.36453871669216725
stability_across_seeds,Mini-batch GD,1.0,64,0.0001,7,80,5,0.3548973347369652
stability_across_seeds,Mini-batch GD,1.0,64,0.0001,7,80,6,0.3473555366475032
stability_across_seeds,Mini-batch GD,1.0,64,0.0001,7,80,7,0.34011580747228365
stability_across_seeds,Mini-batch GD,1.0,64,0.0001,7,80,8,0.3340320448272949
stability_across_seeds,Mini-batch GD,1.0,64,0.0001,7,80,9,0.3284747962652228
stability_across_seeds,Mini-batch GD,1.0,64,0.0001,7,80,10,0.32384736139309356
stability_across_seeds,Mini-batch GD,1.0,64,0.0001,7,80,11,0.3190667374370521
stability_across_seeds,Mini-batch GD,1.0,64,0.0001,7,80,12,0.3151207518594175
stability_across_seeds,Mini-batch GD,1.0,64,0.0001,7,80,13,0.31136377240792484
stability_across_seeds,Mini-batch GD,1.0,64,0.0001,7,80,14,0.30867086779034525
stability_across_seeds,Mini-batch GD,1.0,64,0.0001,7,80,15,0.3060798683657168
stability_across_seeds,Mini-batch GD,1.0,64,0.0001,7,80,16,0.30196242695684306
stability_across_seeds,Mini-batch GD,1.0,64,0.0001,7,80,17,0.2990024122617277
stability_across_seeds,Mini-batch GD,1.0,64,0.0001,7,80,18,0.297005556514054
stability_across_seeds,Mini-batch GD,1.0,64,0.0001,7,80,19,0.2950940924119015
stability_across_seeds,Mini-batch GD,1.0,64,0.0001,7,80,20,0.29183465750855264
stability_across_seeds,Mini-batch GD,1.0,64,0.0001,7,80,21,0.2897559958889024
stability_across_seeds,Mini-batch GD,1.0,64,0.0001,7,80,22,0.2883729738518066
stability_across_seeds,Mini-batch GD,1.0,64,0.0001,7,80,23,0.28673050620893625
stability_across_seeds,Mini-batch GD,1.0,64,0.0001,7,80,24,0.2846049071087615
stability_across_seeds,Mini-batch GD,1.0,64,0.0001,7,80,25,0.2830379702076641
stability_across_seeds,Mini-batch GD,1.0,64,0.0001,7,80,26,0.28110414323033955
stability_across_seeds,Mini-batch GD,1.0,64,0.0001,7,80,27,0.2798957620094953
stability_across_seeds,Mini-batch GD,1.0,64,0.0001,7,80,28,0.2782684399456751
stability_across_seeds,Mini-batch GD,1.0,64,0.0001,7,80,29,0.27702261675056056
stability_across_seeds,Mini-batch GD,1.0,64,0.0001,7,80,30,0.2758246263696045
stability_across_seeds,Mini-batch GD,1.0,64,0.0001,7,80,31,0.2744772594255123
stability_across_seeds,Mini-batch GD,1.0,64,0.0001,7,80,32,0.2733672555862263
stability_across_seeds,Mini-batch GD,1.0,64,0.0001,7,80,33,0.2723602652840753
stability_across_seeds,Mini-batch GD,1.0,64,0.0001,7,80,34,0.2713559420974622
stability_across_seeds,Mini-batch GD,1.0,64,0.0001,7,80,35,0.2708619631931625
stability_across_seeds,Mini-batch GD,1.0,64,0.0001,7,80,36,0.26934526356172134
stability_across_seeds,Mini-batch GD,1.0,64,0.0001,7,80,37,0.2684827572826881
stability_across_seeds,Mini-batch GD,1.0,64,0.0001,7,80,38,0.2678171366306529
stability_across_seeds,Mini-batch GD,1.0,64,0.0001,7,80,39,0.2672796883644859
stability_across_seeds,Mini-batch GD,1.0,64,0.0001,7,80,40,0.266069404720333
stability_across_seeds,Mini-batch GD,1.0,64,0.0001,7,80,41,0.2653277485785981
stability_across_seeds,Mini-batch GD,1.0,64,0.0001,7,80,42,0.2652325016063806
stability_across_seeds,Mini-batch GD,1.0,64,0.0001,7,80,43,0.264802357771706
stability_across_seeds,Mini-batch GD,1.0,64,0.0001,7,80,44,0.2633225919097454
stability_across_seeds,Mini-batch GD,1.0,64,0.0001,7,80,45,0.2628082989586829
stability_across_seeds,Mini-batch GD,1.0,64,0.0001,7,80,46,0.26217402893087216
stability_across_seeds,Mini-batch GD,1.0,64,0.0001,7,80,47,0.26167329440431536
stability_across_seeds,Mini-batch GD,1.0,64,0.0001,7,80,48,0.26149867161261137
stability_across_seeds,Mini-batch GD,1.0,64,0.0001,7,80,49,0.26093816066527203
stability_across_seeds,Mini-batch GD,1.0,64,0.0001,7,80,50,0.26006960430363735
stability_across_seeds,Mini-batch GD,1.0,64,0.0001,7,80,51,0.25999325807314044
stability_across_seeds,Mini-batch GD,1.0,64,0.0001,7,80,52,0.25920051480021605
stability_across_seeds,Mini-batch GD,1.0,64,0.0001,7,80,53,0.2586017210588378
stability_across_seeds,Mini-batch GD,1.0,64,0.0001,7,80,54,0.25870689380320455
stability_across_seeds,Mini-batch GD,1.0,64,0.0001,7,80,55,0.2577993507700386
stability_across_seeds,Mini-batch GD,1.0,64,0.0001,7,80,56,0.2574219570692791
stability_across_seeds,Mini-batch GD,1.0,64,0.0001,7,80,57,0.25735311803334526
stability_across_seeds,Mini-batch GD,1.0,64,0.0001,7,80,58,0.25664537150638683
stability_across_seeds,Mini-batch GD,1.0,64,0.0001,7,80,59,0.256285289321428
stability_across_seeds,Mini-batch GD,1.0,64,0.0001,7,80,60,0.2561424415878166
stability_across_seeds,Mini-batch GD,1.0,64,0.0001,7,80,61,0.2556644133629159
stability_across_seeds,Mini-batch GD,1.0,64,0.0001,7,80,62,0.2553342641623966
stability_across_seeds,Mini-batch GD,1.0,64,0.0001,7,80,63,0.2550097326713701
stability_across_seeds,Mini-batch GD,1.0,64,0.0001,7,80,64,0.2547196508985219
stability_across_seeds,Mini-batch GD,1.0,64,0.0001,7,80,65,0.2544400369020929
stability_across_seeds,Mini-batch GD,1.0,64,0.0001,7,80,66,0.2542016275447153
stability_across_seeds,Mini-batch GD,1.0,64,0.0001,7,80,67,0.2539241429556329
stability_across_seeds,Mini-batch GD,1.0,64,0.0001,7,80,68,0.25372275890689094
stability_across_seeds,Mini-batch GD,1.0,64,0.0001,7,80,69,0.253885328038289
stability_across_seeds,Mini-batch GD,1.0,64,0.0001,7,80,70,0.2531867610370556
stability_across_seeds,Mini-batch GD,1.0,64,0.0001,7,80,71,0.2532805980156469
stability_across_seeds,Mini-batch GD,1.0,64,0.0001,7,80,72,0.25275264567611877
stability_across_seeds,Mini-batch GD,1.0,64,0.0001,7,80,73,0.2528760207389696
stability_across_seeds,Mini-batch GD,1.0,64,0.0001,7,80,74,0.25235100317974196
stability_across_seeds,Mini-batch GD,1.0,64,0.0001,7,80,75,0.2521419279885814
stability_across_seeds,Mini-batch GD,1.0,64,0.0001,7,80,76,0.2528548734487719
stability_across_seeds,Mini-batch GD,1.0,64,0.0001,7,80,77,0.2521129170536384
stability_across_seeds,Mini-batch GD,1.0,64,0.0001,7,80,78,0.2515890720167645
stability_across_seeds,Mini-batch GD,1.0,64,0.0001,7,80,79,0.25149986558200427
stability_across_seeds,Mini-batch GD,1.0,64,0.0001,7,80,80,0.2513207372033603
stability_across_seeds,Mini-batch GD,1.0,64,0.0001,42,80,1,0.41002585466908603
stability_across_seeds,Mini-batch GD,1.0,64,0.0001,42,80,2,0.38937293844066156
stability_across_seeds,Mini-batch GD,1.0,64,0.0001,42,80,3,0.37562305745954905
stability_across_seeds,Mini-batch GD,1.0,64,0.0001,42,80,4,0.36543561370950334
stability_across_seeds,Mini-batch GD,1.0,64,0.0001,42,80,5,0.35541152884699717
stability_across_seeds,Mini-batch GD,1.0,64,0.0001,42,80,6,0.3469803210793863
stability_across_seeds,Mini-batch GD,1.0,64,0.0001,42,80,7,0.3400814895362727
stability_across_seeds,Mini-batch GD,1.0,64,0.0001,42,80,8,0.3344482378297102
stability_across_seeds,Mini-batch GD,1.0,64,0.0001,42,80,9,0.3284780116529441
stability_across_seeds,Mini-batch GD,1.0,64,0.0001,42,80,10,0.3235776620392151
stability_across_seeds,Mini-batch GD,1.0,64,0.0001,42,80,11,0.3191047432652391
stability_across_seeds,Mini-batch GD,1.0,64,0.0001,42,80,12,0.3150891746671809
stability_across_seeds,Mini-batch GD,1.0,64,0.0001,42,80,13,0.3112901211347799
stability_across_seeds,Mini-batch GD,1.0,64,0.0001,42,80,14,0.30839469667085817
stability_across_seeds,Mini-batch GD,1.0,64,0.0001,42,80,15,0.3046921952874002
stability_across_seeds,Mini-batch GD,1.0,64,0.0001,42,80,16,0.30365757972437984
stability_across_seeds,Mini-batch GD,1.0,64,0.0001,42,80,17,0.29907571784991216
stability_across_seeds,Mini-batch GD,1.0,64,0.0001,42,80,18,0.29644981116678754
stability_across_seeds,Mini-batch GD,1.0,64,0.0001,42,80,19,0.29407776845738653
stability_across_seeds,Mini-batch GD,1.0,64,0.0001,42,80,20,0.29183181273726316
stability_across_seeds,Mini-batch GD,1.0,64,0.0001,42,80,21,0.29035302692608655
stability_across_seeds,Mini-batch GD,1.0,64,0.0001,42,80,22,0.28779729287581457
stability_across_seeds,Mini-batch GD,1.0,64,0.0001,42,80,23,0.2860446366711239
stability_across_seeds,Mini-batch GD,1.0,64,0.0001,42,80,24,0.2843173696445615
stability_across_seeds,Mini-batch GD,1.0,64,0.0001,42,80,25,0.2825911312326387
stability_across_seeds,Mini-batch GD,1.0,64,0.0001,42,80,26,0.2815635947306133
stability_across_seeds,Mini-batch GD,1.0,64,0.0001,42,80,27,0.2795891360260533
stability_across_seeds,Mini-batch GD,1.0,64,0.0001,42,80,28,0.27818648140350466
stability_across_seeds,Mini-batch GD,1.0,64,0.0001,42,80,29,0.27692422808133377
stability_across_seeds,Mini-batch GD,1.0,64,0.0001,42,80,30,0.2757424793232374
stability_across_seeds,Mini-batch GD,1.0,64,0.0001,42,80,31,0.2744898811732127
stability_across_seeds,Mini-batch GD,1.0,64,0.0001,42,80,32,0.2734039186151532
stability_across_seeds,Mini-batch GD,1.0,64,0.0001,42,80,33,0.2734999311236208
stability_across_seeds,Mini-batch GD,1.0,64,0.0001,42,80,34,0.2723514137751279
stability_across_seeds,Mini-batch GD,1.0,64,0.0001,42,80,35,0.27030425085040666
stability_across_seeds,Mini-batch GD,1.0,64,0.0001,42,80,36,0.2696540759019904
stability_across_seeds,Mini-batch GD,1.0,64,0.0001,42,80,37,0.2684681044326568
stability_across_seeds,Mini-batch GD,1.0,64,0.0001,42,80,38,0.26924265524757324
stability_across_seeds,Mini-batch GD,1.0,64,0.0001,42,80,39,0.2668298110291508
stability_across_seeds,Mini-batch GD,1.0,64,0.0001,42,80,40,0.26620849665915536
stability_across_seeds,Mini-batch GD,1.0,64,0.0001,42,80,41,0.26535819214123196
stability_across_seeds,Mini-batch GD,1.0,64,0.0001,42,80,42,0.2646334739173002
stability_across_seeds,Mini-batch GD,1.0,64,0.0001,42,80,43,0.26401400451057333
stability_across_seeds,Mini-batch GD,1.0,64,0.0001,42,80,44,0.2633794362141607
stability_across_seeds,Mini-batch GD,1.0,64,0.0001,42,80,45,0.2631250236178099
stability_across_seeds,Mini-batch GD,1.0,64,0.0001,42,80,46,0.2621238025437236
stability_across_seeds,Mini-batch GD,1.0,64,0.0001,42,80,47,0.2615840452475716
stability_across_seeds,Mini-batch GD,1.0,64,0.0001,42,80,48,0.2610422819000218
stability_across_seeds,Mini-batch GD,1.0,64,0.0001,42,80,49,0.2609480651881768
stability_across_seeds,Mini-batch GD,1.0,64,0.0001,42,80,50,0.2599874838250826
stability_across_seeds,Mini-batch GD,1.0,64,0.0001,42,80,51,0.2598451713395677
stability_across_seeds,Mini-batch GD,1.0,64,0.0001,42,80,52,0.25971841124589523
stability_across_seeds,Mini-batch GD,1.0,64,0.0001,42,80,53,0.2586475093888203
stability_across_seeds,Mini-batch GD,1.0,64,0.0001,42,80,54,0.2581945337242205
stability_across_seeds,Mini-batch GD,1.0,64,0.0001,42,80,55,0.257774186682005
stability_across_seeds,Mini-batch GD,1.0,64,0.0001,42,80,56,0.25741605091327097
stability_across_seeds,Mini-batch GD,1.0,64,0.0001,42,80,57,0.2570762224159824
stability_across_seeds,Mini-batch GD,1.0,64,0.0001,42,80,58,0.2566811621795128
stability_across_seeds,Mini-batch GD,1.0,64,0.0001,42,80,59,0.25655355621271897
stability_across_seeds,Mini-batch GD,1.0,64,0.0001,42,80,60,0.2563651607586871
stability_across_seeds,Mini-batch GD,1.0,64,0.0001,42,80,61,0.2558242408642634
stability_across_seeds,Mini-batch GD,1.0,64,0.0001,42,80,62,0.25586891148245816
stability_across_seeds,Mini-batch GD,1.0,64,0.0001,42,80,63,0.25519361785359146
stability_across_seeds,Mini-batch GD,1.0,64,0.0001,42,80,64,0.25477546302757087
stability_across_seeds,Mini-batch GD,1.0,64,0.0001,42,80,65,0.25595890145088146
stability_across_seeds,Mini-batch GD,1.0,64,0.0001,42,80,66,0.25428787936543223
stability_across_seeds,Mini-batch GD,1.0,64,0.0001,42,80,67,0.25430671425408796
stability_across_seeds,Mini-batch GD,1.0,64,0.0001,42,80,68,0.2539299433243226
stability_across_seeds,Mini-batch GD,1.0,64,0.0001,42,80,69,0.2534288123470443
stability_across_seeds,Mini-batch GD,1.0,64,0.0001,42,80,70,0.2535551182266038
stability_across_seeds,Mini-batch GD,1.0,64,0.0001,42,80,71,0.25296181797562917
stability_across_seeds,Mini-batch GD,1.0,64,0.0001,42,80,72,0.25406108870234373
stability_across_seeds,Mini-batch GD,1.0,64,0.0001,42,80,73,0.25260842384970267
stability_across_seeds,Mini-batch GD,1.0,64,0.0001,42,80,74,0.2525856285384249
stability_across_seeds,Mini-batch GD,1.0,64,0.0001,42,80,75,0.2521937592460256
stability_across_seeds,Mini-batch GD,1.0,64,0.0001,42,80,76,0.2520217404669882
stability_across_seeds,Mini-batch GD,1.0,64,0.0001,42,80,77,0.2519049029721312
stability_across_seeds,Mini-batch GD,1.0,64,0.0001,42,80,78,0.2519502076317988
stability_across_seeds,Mini-batch GD,1.0,64,0.0001,42,80,79,0.25142249242955783
stability_across_seeds,Mini-batch GD,1.0,64,0.0001,42,80,80,0.25161817970509304
stability_across_seeds,Mini-batch GD,1.0,64,0.0001,99,80,1,0.4103280417582954
stability_across_seeds,Mini-batch GD,1.0,64,0.0001,99,80,2,0.390331113989493
stability_across_seeds,Mini-batch GD,1.0,64,0.0001,99,80,3,0.3751747432965488
stability_across_seeds,Mini-batch GD,1.0,64,0.0001,99,80,4,0.3640711397923606
stability_across_seeds,Mini-batch GD,1.0,64,0.0001,99,80,5,0.3574359293707808
stability_across_seeds,Mini-batch GD,1.0,64,0.0001,99,80,6,0.34696151922818597
stability_across_seeds,Mini-batch GD,1.0,64,0.0001,99,80,7,0.34006960324595115
stability_across_seeds,Mini-batch GD,1.0,64,0.0001,99,80,8,0.33391508679658827
stability_across_seeds,Mini-batch GD,1.0,64,0.0001,99,80,9,0.3287952807859733
stability_across_seeds,Mini-batch GD,1.0,64,0.0001,99,80,10,0.3252621568591516
stability_across_seeds,Mini-batch GD,1.0,64,0.0001,99,80,11,0.3195304738560393
stability_across_seeds,Mini-batch GD,1.0,64,0.0001,99,80,12,0.31535480560245177
stability_across_seeds,Mini-batch GD,1.0,64,0.0001,99,80,13,0.31148669205612356
stability_across_seeds,Mini-batch GD,1.0,64,0.0001,99,80,14,0.30791032957371367
stability_across_seeds,Mini-batch GD,1.0,64,0.0001,99,80,15,0.30464357073669923
stability_across_seeds,Mini-batch GD,1.0,64,0.0001,99,80,16,0.3023946017890693
stability_across_seeds,Mini-batch GD,1.0,64,0.0001,99,80,17,0.29941163052044684
stability_across_seeds,Mini-batch GD,1.0,64,0.0001,99,80,18,0.2970672730484971
stability_across_seeds,Mini-batch GD,1.0,64,0.0001,99,80,19,0.29422980957212097
stability_across_seeds,Mini-batch GD,1.0,64,0.0001,99,80,20,0.29265184061067545
stability_across_seeds,Mini-batch GD,1.0,64,0.0001,99,80,21,0.29054418164012247
stability_across_seeds,Mini-batch GD,1.0,64,0.0001,99,80,22,0.28778398342870803
stability_across_seeds,Mini-batch GD,1.0,64,0.0001,99,80,23,0.28594824026369237
stability_across_seeds,Mini-batch GD,1.0,64,0.0001,99,80,24,0.2843827214365282
stability_across_seeds,Mini-batch GD,1.0,64,0.0001,99,80,25,0.28256956636419783
stability_across_seeds,Mini-batch GD,1.0,64,0.0001,99,80,26,0.2810289828802841
stability_across_seeds,Mini-batch GD,1.0,64,0.0001,99,80,27,0.2796221503836314
stability_across_seeds,Mini-batch GD,1.0,64,0.0001,99,80,28,0.27842512255208895
stability_across_seeds,Mini-batch GD,1.0,64,0.0001,99,80,29,0.2771694951254818
stability_across_seeds,Mini-batch GD,1.0,64,0.0001,99,80,30,0.27621014023956075
stability_across_seeds,Mini-batch GD,1.0,64,0.0001,99,80,31,0.27474218799964684
stability_across_seeds,Mini-batch GD,1.0,64,0.0001,99,80,32,0.2733859505511661
stability_across_seeds,Mini-batch GD,1.0,64,0.0001,99,80,33,0.2724127302013919
stability_across_seeds,Mini-batch GD,1.0,64,0.0001,99,80,34,0.2714251019423401
stability_across_seeds,Mini-batch GD,1.0,64,0.0001,99,80,35,0.27039368908973666
stability_across_seeds,Mini-batch GD,1.0,64,0.0001,99,80,36,0.2715562513535085
stability_across_seeds,Mini-batch GD,1.0,64,0.0001,99,80,37,0.26850595078827816
stability_across_seeds,Mini-batch GD,1.0,64,0.0001,99,80,38,0.26771419116711176
stability_across_seeds,Mini-batch GD,1.0,64,0.0001,99,80,39,0.2670231094256417
stability_across_seeds,Mini-batch GD,1.0,64,0.0001,99,80,40,0.26606663273120756
stability_across_seeds,Mini-batch GD,1.0,64,0.0001,99,80,41,0.2653576931603006
stability_across_seeds,Mini-batch GD,1.0,64,0.0001,99,80,42,0.2646389553928672
stability_across_seeds,Mini-batch GD,1.0,64,0.0001,99,80,43,0.2640608993838744
stability_across_seeds,Mini-batch GD,1.0,64,0.0001,99,80,44,0.2637080193714334
stability_across_seeds,Mini-batch GD,1.0,64,0.0001,99,80,45,0.2627875406080237
stability_across_seeds,Mini-batch GD,1.0,64,0.0001,99,80,46,0.2622549489095922
stability_across_seeds,Mini-batch GD,1.0,64,0.0001,99,80,47,0.26155118843696656
stability_across_seeds,Mini-batch GD,1.0,64,0.0001,99,80,48,0.2610204153072321
stability_across_seeds,Mini-batch GD,1.0,64,0.0001,99,80,49,0.2609923482085653
stability_across_seeds,Mini-batch GD,1.0,64,0.0001,99,80,50,0.26023674009555925
stability_across_seeds,Mini-batch GD,1.0,64,0.0001,99,80,51,0.260254305134586
stability_across_seeds,Mini-batch GD,1.0,64,0.0001,99,80,52,0.25984171417192004
stability_across_seeds,Mini-batch GD,1.0,64,0.0001,99,80,53,0.2587846041660782
stability_across_seeds,Mini-batch GD,1.0,64,0.0001,99,80,54,0.2582869647200414
stability_across_seeds,Mini-batch GD,1.0,64,0.0001,99,80,55,0.2578570193178021
stability_across_seeds,Mini-batch GD,1.0,64,0.0001,99,80,56,0.2573800608704486
stability_across_seeds,Mini-batch GD,1.0,64,0.0001,99,80,57,0.25703622460374653
stability_across_seeds,Mini-batch GD,1.0,64,0.0001,99,80,58,0.2566922851882027
stability_across_seeds,Mini-batch GD,1.0,64,0.0001,99,80,59,0.25692994733527325
stability_across_seeds,Mini-batch GD,1.0,64,0.0001,99,80,60,0.2560789952968966
stability_across_seeds,Mini-batch GD,1.0,64,0.0001,99,80,61,0.25565927913205383
stability_across_seeds,Mini-batch GD,1.0,64,0.0001,99,80,62,0.2553194970076911
stability_across_seeds,Mini-batch GD,1.0,64,0.0001,99,80,63,0.25501265416009206
stability_across_seeds,Mini-batch GD,1.0,64,0.0001,99,80,64,0.25474507779996236
stability_across_seeds,Mini-batch GD,1.0,64,0.0001,99,80,65,0.25463990694378236
stability_across_seeds,Mini-batch GD,1.0,64,0.0001,99,80,66,0.2542233226141708
stability_across_seeds,Mini-batch GD,1.0,64,0.0001,99,80,67,0.254504032761659
stability_across_seeds,Mini-batch GD,1.0,64,0.0001,99,80,68,0.2536809565152327
stability_across_seeds,Mini-batch GD,1.0,64,0.0001,99,80,69,0.2534325318194902
stability_across_seeds,Mini-batch GD,1.0,64,0.0001,99,80,70,0.25337152890723724
stability_across_seeds,Mini-batch GD,1.0,64,0.0001,99,80,71,0.253680833820028
stability_across_seeds,Mini-batch GD,1.0,64,0.0001,99,80,72,0.25275993644282435
stability_across_seeds,Mini-batch GD,1.0,64,0.0001,99,80,73,0.2526588771599086
stability_across_seeds,Mini-batch GD,1.0,64,0.0001,99,80,74,0.2523337407967431
stability_across_seeds,Mini-batch GD,1.0,64,0.0001,99,80,75,0.2524856895912395
stability_across_seeds,Mini-batch GD,1.0,64,0.0001,99,80,76,0.2523233564681353
stability_across_seeds,Mini-batch GD,1.0,64,0.0001,99,80,77,0.251841322076282
stability_across_seeds,Mini-batch GD,1.0,64,0.0001,99,80,78,0.2524657759345436
stability_across_seeds,Mini-batch GD,1.0,64,0.0001,99,80,79,0.25203151426110587
stability_across_seeds,Mini-batch GD,1.0,64,0.0001,99,80,80,0.25188710760686545
stability_across_seeds,Mini-batch GD,1.0,64,0.0001,123,80,1,0.41000471323893856
stability_across_seeds,Mini-batch GD,1.0,64,0.0001,123,80,2,0.39034007516884
stability_across_seeds,Mini-batch GD,1.0,64,0.0001,123,80,3,0.3762629029588431
stability_across_seeds,Mini-batch GD,1.0,64,0.0001,123,80,4,0.3641232667306769
stability_across_seeds,Mini-batch GD,1.0,64,0.0001,123,80,5,0.3549002710540131
stability_across_seeds,Mini-batch GD,1.0,64,0.0001,123,80,6,0.3480352760741037
stability_across_seeds,Mini-batch GD,1.0,64,0.0001,123,80,7,0.340175478630058
stability_across_seeds,Mini-batch GD,1.0,64,0.0001,123,80,8,0.334089069462334
stability_across_seeds,Mini-batch GD,1.0,64,0.0001,123,80,9,0.3285477435611673
stability_across_seeds,Mini-batch GD,1.0,64,0.0001,123,80,10,0.32513610681724403
stability_across_seeds,Mini-batch GD,1.0,64,0.0001,123,80,11,0.3198406028649637
stability_across_seeds,Mini-batch GD,1.0,64,0.0001,123,80,12,0.31561629569509175
stability_across_seeds,Mini-batch GD,1.0,64,0.0001,123,80,13,0.31158677150871184
stability_across_seeds,Mini-batch GD,1.0,64,0.0001,123,80,14,0.3080839747483879
stability_across_seeds,Mini-batch GD,1.0,64,0.0001,123,80,15,0.30487716494000183
stability_across_seeds,Mini-batch GD,1.0,64,0.0001,123,80,16,0.30186156094983463
stability_across_seeds,Mini-batch GD,1.0,64,0.0001,123,80,17,0.2989758833836125
stability_across_seeds,Mini-batch GD,1.0,64,0.0001,123,80,18,0.29654022635013066
stability_across_seeds,Mini-batch GD,1.0,64,0.0001,123,80,19,0.2940555699640763
stability_across_seeds,Mini-batch GD,1.0,64,0.0001,123,80,20,0.2918648820069792
stability_across_seeds,Mini-batch GD,1.0,64,0.0001,123,80,21,0.28987045192210475
stability_across_seeds,Mini-batch GD,1.0,64,0.0001,123,80,22,0.28793891849460795
stability_across_seeds,Mini-batch GD,1.0,64,0.0001,123,80,23,0.2868886341991555
stability_across_seeds,Mini-batch GD,1.0,64,0.0001,123,80,24,0.2861317151785603
stability_across_seeds,Mini-batch GD,1.0,64,0.0001,123,80,25,0.282715223357545
stability_across_seeds,Mini-batch GD,1.0,64,0.0001,123,80,26,0.2815771056593194
stability_across_seeds,Mini-batch GD,1.0,64,0.0001,123,80,27,0.2797320885881527
stability_across_seeds,Mini-batch GD,1.0,64,0.0001,123,80,28,0.27892633461085864
stability_across_seeds,Mini-batch GD,1.0,64,0.0001,123,80,29,0.2768928055561181
stability_across_seeds,Mini-batch GD,1.0,64,0.0001,123,80,30,0.27589012800550683
stability_across_seeds,Mini-batch GD,1.0,64,0.0001,123,80,31,0.2744445308854938
stability_across_seeds,Mini-batch GD,1.0,64,0.0001,123,80,32,0.27346570068915055
stability_across_seeds,Mini-batch GD,1.0,64,0.0001,123,80,33,0.2722690379501737
stability_across_seeds,Mini-batch GD,1.0,64,0.0001,123,80,34,0.2712666574001754
stability_across_seeds,Mini-batch GD,1.0,64,0.0001,123,80,35,0.2702985807421098
stability_across_seeds,Mini-batch GD,1.0,64,0.0001,123,80,36,0.26938021227857056
stability_across_seeds,Mini-batch GD,1.0,64,0.0001,123,80,37,0.2693964323289597
stability_across_seeds,Mini-batch GD,1.0,64,0.0001,123,80,38,0.2681876731742054
stability_across_seeds,Mini-batch GD,1.0,64,0.0001,123,80,39,0.2668248533939034
stability_across_seeds,Mini-batch GD,1.0,64,0.0001,123,80,40,0.2667592411087546
stability_across_seeds,Mini-batch GD,1.0,64,0.0001,123,80,41,0.26542458551323245
stability_across_seeds,Mini-batch GD,1.0,64,0.0001,123,80,42,0.2650056125979805
stability_across_seeds,Mini-batch GD,1.0,64,0.0001,123,80,43,0.26395560061010875
stability_across_seeds,Mini-batch GD,1.0,64,0.0001,123,80,44,0.2635245114201195
stability_across_seeds,Mini-batch GD,1.0,64,0.0001,123,80,45,0.2630249236001409
stability_across_seeds,Mini-batch GD,1.0,64,0.0001,123,80,46,0.26211532087700085
stability_across_seeds,Mini-batch GD,1.0,64,0.0001,123,80,47,0.26154590333519145
stability_across_seeds,Mini-batch GD,1.0,64,0.0001,123,80,48,0.2615279378729314
stability_across_seeds,Mini-batch GD,1.0,64,0.0001,123,80,49,0.2621463251939202
stability_across_seeds,Mini-batch GD,1.0,64,0.0001,123,80,50,0.25998053622924694
stability_across_seeds,Mini-batch GD,1.0,64,0.0001,123,80,51,0.25990699284767077
stability_across_seeds,Mini-batch GD,1.0,64,0.0001,123,80,52,0.2591741074430672
stability_across_seeds,Mini-batch GD,1.0,64,0.0001,123,80,53,0.2586031799240466
stability_across_seeds,Mini-batch GD,1.0,64,0.0001,123,80,54,0.25817263270999447
stability_across_seeds,Mini-batch GD,1.0,64,0.0001,123,80,55,0.25783326735244294
stability_across_seeds,Mini-batch GD,1.0,64,0.0001,123,80,56,0.2574057376704905
stability_across_seeds,Mini-batch GD,1.0,64,0.0001,123,80,57,0.25699267579703683
stability_across_seeds,Mini-batch GD,1.0,64,0.0001,123,80,58,0.2566293865087176
stability_across_seeds,Mini-batch GD,1.0,64,0.0001,123,80,59,0.2570655012669602
stability_across_seeds,Mini-batch GD,1.0,64,0.0001,123,80,60,0.25650756829218824
stability_across_seeds,Mini-batch GD,1.0,64,0.0001,123,80,61,0.2560852918335872
stability_across_seeds,Mini-batch GD,1.0,64,0.0001,123,80,62,0.25551705492467314
stability_across_seeds,Mini-batch GD,1.0,64,0.0001,123,80,63,0.2551114599231335
stability_across_seeds,Mini-batch GD,1.0,64,0.0001,123,80,64,0.25502572738166424
stability_across_seeds,Mini-batch GD,1.0,64,0.0001,123,80,65,0.25474003049737337
stability_across_seeds,Mini-batch GD,1.0,64,0.0001,123,80,66,0.2541742844554193
stability_across_seeds,Mini-batch GD,1.0,64,0.0001,123,80,67,0.2548111670688565
stability_across_seeds,Mini-batch GD,1.0,64,0.0001,123,80,68,0.2543324036262779
stability_across_seeds,Mini-batch GD,1.0,64,0.0001,123,80,69,0.25346314512265083
stability_across_seeds,Mini-batch GD,1.0,64,0.0001,123,80,70,0.253228040492702
stability_across_seeds,Mini-batch GD,1.0,64,0.0001,123,80,71,0.2529621048394251
stability_across_seeds,Mini-batch GD,1.0,64,0.0001,123,80,72,0.2527463059926834
stability_across_seeds,Mini-batch GD,1.0,64,0.0001,123,80,73,0.25255142653104584
stability_across_seeds,Mini-batch GD,1.0,64,0.0001,123,80,74,0.25336511959239033
stability_across_seeds,Mini-batch GD,1.0,64,0.0001,123,80,75,0.25254479684666586
stability_across_seeds,Mini-batch GD,1.0,64,0.0001,123,80,76,0.2522882549823938
stability_across_seeds,Mini-batch GD,1.0,64,0.0001,123,80,77,0.25176436002481417
stability_across_seeds,Mini-batch GD,1.0,64,0.0001,123,80,78,0.2518065231459056
stability_across_seeds,Mini-batch GD,1.0,64,0.0001,123,80,79,0.25158186336982424
stability_across_seeds,Mini-batch GD,1.0,64,0.0001,123,80,80,0.2512865151808499
l2_interaction,Batch GD,8.0,,1e-05,42,80,1,0.5396693645968589
l2_interaction,Batch GD,8.0,,1e-05,42,80,2,0.44774148994727636
l2_interaction,Batch GD,8.0,,1e-05,42,80,3,0.43782727668552274
l2_interaction,Batch GD,8.0,,1e-05,42,80,4,0.43267247115217417
l2_interaction,Batch GD,8.0,,1e-05,42,80,5,0.428298900835298
l2_interaction,Batch GD,8.0,,1e-05,42,80,6,0.4244626919650456
l2_interaction,Batch GD,8.0,,1e-05,42,80,7,0.4210377369182375
l2_interaction,Batch GD,8.0,,1e-05,42,80,8,0.41793723194855836
l2_interaction,Batch GD,8.0,,1e-05,42,80,9,0.4150979087066068
l2_interaction,Batch GD,8.0,,1e-05,42,80,10,0.4124726318167484
l2_interaction,Batch GD,8.0,,1e-05,42,80,11,0.4100255886823311
l2_interaction,Batch GD,8.0,,1e-05,42,80,12,0.4077290912635558
l2_interaction,Batch GD,8.0,,1e-05,42,80,13,0.4055613887356023
l2_interaction,Batch GD,8.0,,1e-05,42,80,14,0.4035051439514257
l2_interaction,Batch GD,8.0,,1e-05,42,80,15,0.4015463525341444
l2_interaction,Batch GD,8.0,,1e-05,42,80,16,0.3996735631885211
l2_interaction,Batch GD,8.0,,1e-05,42,80,17,0.39787730656275194
l2_interaction,Batch GD,8.0,,1e-05,42,80,18,0.39614967088683234
l2_interaction,Batch GD,8.0,,1e-05,42,80,19,0.3944839824836503
l2_interaction,Batch GD,8.0,,1e-05,42,80,20,0.3928745622727194
l2_interaction,Batch GD,8.0,,1e-05,42,80,21,0.3913165380639068
l2_interaction,Batch GD,8.0,,1e-05,42,80,22,0.3898056983114357
l2_interaction,Batch GD,8.0,,1e-05,42,80,23,0.3883383770316418
l2_interaction,Batch GD,8.0,,1e-05,42,80,24,0.38691136239587315
l2_interaction,Batch GD,8.0,,1e-05,42,80,25,0.3855218234899634
l2_interaction,Batch GD,8.0,,1e-05,42,80,26,0.38416725114486844
l2_interaction,Batch GD,8.0,,1e-05,42,80,27,0.38284540976305065
l2_interaction,Batch GD,8.0,,1e-05,42,80,28,0.3815542978092907
l2_interaction,Batch GD,8.0,,1e-05,42,80,29,0.38029211518288614
l2_interaction,Batch GD,8.0,,1e-05,42,80,30,0.3790572360960142
l2_interaction,Batch GD,8.0,,1e-05,42,80,31,0.37784818638911444
l2_interaction,Batch GD,8.0,,1e-05,42,80,32,0.3766636244457992
l2_interaction,Batch GD,8.0,,1e-05,42,80,33,0.3755023250465527
l2_interaction,Batch GD,8.0,,1e-05,42,80,34,0.3743631656363535
l2_interaction,Batch GD,8.0,,1e-05,42,80,35,0.3732451145865848
l2_interaction,Batch GD,8.0,,1e-05,42,80,36,0.3721472211136379
l2_interaction,Batch GD,8.0,,1e-05,42,80,37,0.3710686065810149
l2_interaction,Batch GD,8.0,,1e-05,42,80,38,0.37000845696259427
l2_interaction,Batch GD,8.0,,1e-05,42,80,39,0.36896601628513837
l2_interaction,Batch GD,8.0,,1e-05,42,80,40,0.3679405809004157
l2_interaction,Batch GD,8.0,,1e-05,42,80,41,0.3669314944632615
l2_interaction,Batch GD,8.0,,1e-05,42,80,42,0.36593814351286824
l2_interaction,Batch GD,8.0,,1e-05,42,80,43,0.36495995357161104
l2_interaction,Batch GD,8.0,,1e-05,42,80,44,0.36399638568960446
l2_interaction,Batch GD,8.0,,1e-05,42,80,45,0.3630469333745681
l2_interaction,Batch GD,8.0,,1e-05,42,80,46,0.3621111198559482
l2_interaction,Batch GD,8.0,,1e-05,42,80,47,0.3611884956399966
l2_interaction,Batch GD,8.0,,1e-05,42,80,48,0.36027863631894047
l2_interaction,Batch GD,8.0,,1e-05,42,80,49,0.35938114060274495
l2_interaction,Batch GD,8.0,,1e-05,42,80,50,0.35849562854646055
l2_interaction,Batch GD,8.0,,1e-05,42,80,51,0.3576217399499229
l2_interaction,Batch GD,8.0,,1e-05,42,80,52,0.3567591329097492
l2_interaction,Batch GD,8.0,,1e-05,42,80,53,0.35590748250627424
l2_interaction,Batch GD,8.0,,1e-05,42,80,54,0.3550664796103521
l2_interaction,Batch GD,8.0,,1e-05,42,80,55,0.35423582979689267
l2_interaction,Batch GD,8.0,,1e-05,42,80,56,0.3534152523536709
l2_interaction,Batch GD,8.0,,1e-05,42,80,57,0.3526044793753715
l2_interaction,Batch GD,8.0,,1e-05,42,80,58,0.351803254934055
l2_interaction,Batch GD,8.0,,1e-05,42,80,59,0.3510113343182899
l2_interaction,Batch GD,8.0,,1e-05,42,80,60,0.35022848333410683
l2_interaction,Batch GD,8.0,,1e-05,42,80,61,0.34945447766172577
l2_interaction,Batch GD,8.0,,1e-05,42,80,62,0.3486891022626924
l2_interaction,Batch GD,8.0,,1e-05,42,80,63,0.34793215083265966
l2_interaction,Batch GD,8.0,,1e-05,42,80,64,0.3471834252955734
l2_interaction,Batch GD,8.0,,1e-05,42,80,65,0.34644273533548287
l2_interaction,Batch GD,8.0,,1e-05,42,80,66,0.34570989796259216
l2_interaction,Batch GD,8.0,,1e-05,42,80,67,0.3449847371105309
l2_interaction,Batch GD,8.0,,1e-05,42,80,68,0.34426708326212346
l2_interaction,Batch GD,8.0,,1e-05,42,80,69,0.3435567731012225
l2_interaction,Batch GD,8.0,,1e-05,42,80,70,0.34285364918840633
l2_interaction,Batch GD,8.0,,1e-05,42,80,71,0.34215755965856093
l2_interaction,Batch GD,8.0,,1e-05,42,80,72,0.3414683579385584
l2_interaction,Batch GD,8.0,,1e-05,42,80,73,0.34078590248341145
l2_interaction,Batch GD,8.0,,1e-05,42,80,74,0.3401100565294403
l2_interaction,Batch GD,8.0,,1e-05,42,80,75,0.33944068786311815
l2_interaction,Batch GD,8.0,,1e-05,42,80,76,0.33877766860438896
l2_interaction,Batch GD,8.0,,1e-05,42,80,77,0.3381208750033569
l2_interaction,Batch GD,8.0,,1e-05,42,80,78,0.3374701872493437
l2_interaction,Batch GD,8.0,,1e-05,42,80,79,0.3368254892914
l2_interaction,Batch GD,8.0,,1e-05,42,80,80,0.3361866686694357
l2_interaction,SGD,0.05,,1e-05,42,80,1,0.3713030600959401
l2_interaction,SGD,0.05,,1e-05,42,80,2,0.33978185428302027
l2_interaction,SGD,0.05,,1e-05,42,80,3,0.32012529661862094
l2_interaction,SGD,0.05,,1e-05,42,80,4,0.30671348411029925
l2_interaction,SGD,0.05,,1e-05,42,80,5,0.2923722146539154
l2_interaction,SGD,0.05,,1e-05,42,80,6,0.27780350382613694
l2_interaction,SGD,0.05,,1e-05,42,80,7,0.2685705658291468
l2_interaction,SGD,0.05,,1e-05,42,80,8,0.26298523049975747
l2_interaction,SGD,0.05,,1e-05,42,80,9,0.2528601099127281
l2_interaction,SGD,0.05,,1e-05,42,80,10,0.24791586985919642
l2_interaction,SGD,0.05,,1e-05,42,80,11,0.24035936119960713
l2_interaction,SGD,0.05,,1e-05,42,80,12,0.23505186422618743
l2_interaction,SGD,0.05,,1e-05,42,80,13,0.2301595844133503
l2_interaction,SGD,0.05,,1e-05,42,80,14,0.2263602117051279
l2_interaction,SGD,0.05,,1e-05,42,80,15,0.22151113754895704
l2_interaction,SGD,0.05,,1e-05,42,80,16,0.2196830422431736
l2_interaction,SGD,0.05,,1e-05,42,80,17,0.2138960603420844
l2_interaction,SGD,0.05,,1e-05,42,80,18,0.21060082862983087
l2_interaction,SGD,0.05,,1e-05,42,80,19,0.20733809772590756
l2_interaction,SGD,0.05,,1e-05,42,80,20,0.20433211485791017
l2_interaction,SGD,0.05,,1e-05,42,80,21,0.2029406947740202
l2_interaction,SGD,0.05,,1e-05,42,80,22,0.1990911610124075
l2_interaction,SGD,0.05,,1e-05,42,80,23,0.19679740836268422
l2_interaction,SGD,0.05,,1e-05,42,80,24,0.19402418360555335
l2_interaction,SGD,0.05,,1e-05,42,80,25,0.19187395599477475
l2_interaction,SGD,0.05,,1e-05,42,80,26,0.19022495838791711
l2_interaction,SGD,0.05,,1e-05,42,80,27,0.18780955179796108
l2_interaction,SGD,0.05,,1e-05,42,80,28,0.18550292998973358
l2_interaction,SGD,0.05,,1e-05,42,80,29,0.1839942208055178
l2_interaction,SGD,0.05,,1e-05,42,80,30,0.18220291622818305
l2_interaction,SGD,0.05,,1e-05,42,80,31,0.18034375939167047
l2_interaction,SGD,0.05,,1e-05,42,80,32,0.17844652130105843
l2_interaction,SGD,0.05,,1e-05,42,80,33,0.17850814958942313
l2_interaction,SGD,0.05,,1e-05,42,80,34,0.1778227302376022
l2_interaction,SGD,0.05,,1e-05,42,80,35,0.17407612297028263
l2_interaction,SGD,0.05,,1e-05,42,80,36,0.17350259050594843
l2_interaction,SGD,0.05,,1e-05,42,80,37,0.17117250627565797
l2_interaction,SGD,0.05,,1e-05,42,80,38,0.17170645738742968
l2_interaction,SGD,0.05,,1e-05,42,80,39,0.16903348115649255
l2_interaction,SGD,0.05,,1e-05,42,80,40,0.16747137825458586
l2_interaction,SGD,0.05,,1e-05,42,80,41,0.16622605103894408
l2_interaction,SGD,0.05,,1e-05,42,80,42,0.16540206345630415
l2_interaction,SGD,0.05,,1e-05,42,80,43,0.16475225350362616
l2_interaction,SGD,0.05,,1e-05,42,80,44,0.16283906524647734
l2_interaction,SGD,0.05,,1e-05,42,80,45,0.16308495909564438
l2_interaction,SGD,0.05,,1e-05,42,80,46,0.1608242108489081
l2_interaction,SGD,0.05,,1e-05,42,80,47,0.16001005307358682
l2_interaction,SGD,0.05,,1e-05,42,80,48,0.15908000414597198
l2_interaction,SGD,0.05,,1e-05,42,80,49,0.15802563469486536
l2_interaction,SGD,0.05,,1e-05,42,80,50,0.15720424292572346
l2_interaction,SGD,0.05,,1e-05,42,80,51,0.1565714825934124
l2_interaction,SGD,0.05,,1e-05,42,80,52,0.15628450470438848
l2_interaction,SGD,0.05,,1e-05,42,80,53,0.15479224454200705
l2_interaction,SGD,0.05,,1e-05,42,80,54,0.15383907876290137
l2_interaction,SGD,0.05,,1e-05,42,80,55,0.1530536543534999
l2_interaction,SGD,0.05,,1e-05,42,80,56,0.15230801708840044
l2_interaction,SGD,0.05,,1e-05,42,80,57,0.1516538401656383
l2_interaction,SGD,0.05,,1e-05,42,80,58,0.15096466011457826
l2_interaction,SGD,0.05,,1e-05,42,80,59,0.150906827417938
l2_interaction,SGD,0.05,,1e-05,42,80,60,0.1497852922238462
l2_interaction,SGD,0.05,,1e-05,42,80,61,0.14929620581192551
l2_interaction,SGD,0.05,,1e-05,42,80,62,0.14891681199428067
l2_interaction,SGD,0.05,,1e-05,42,80,63,0.14771941060960453
l2_interaction,SGD,0.05,,1e-05,42,80,64,0.14743294163799806
l2_interaction,SGD,0.05,,1e-05,42,80,65,0.14907418159796745
l2_interaction,SGD,0.05,,1e-05,42,80,66,0.14601786759182342
l2_interaction,SGD,0.05,,1e-05,42,80,67,0.1454588798880219
l2_interaction,SGD,0.05,,1e-05,42,80,68,0.14503191850777503
l2_interaction,SGD,0.05,,1e-05,42,80,69,0.14426077211260852
l2_interaction,SGD,0.05,,1e-05,42,80,70,0.14416436871913432
l2_interaction,SGD,0.05,,1e-05,42,80,71,0.14326005043262868
l2_interaction,SGD,0.05,,1e-05,42,80,72,0.14535734790691204
l2_interaction,SGD,0.05,,1e-05,42,80,73,0.142321944585183
l2_interaction,SGD,0.05,,1e-05,42,80,74,0.14264064453994896
l2_interaction,SGD,0.05,,1e-05,42,80,75,0.14133124759861596
l2_interaction,SGD,0.05,,1e-05,42,80,76,0.14087880930275648
l2_interaction,SGD,0.05,,1e-05,42,80,77,0.14053032566977927
l2_interaction,SGD,0.05,,1e-05,42,80,78,0.14039640487087401
l2_interaction,SGD,0.05,,1e-05,42,80,79,0.13959481569028998
l2_interaction,SGD,0.05,,1e-05,42,80,80,0.14070000726697376
l2_interaction,Mini-batch GD,1.0,64,1e-05,42,80,1,0.4096006943562468
l2_interaction,Mini-batch GD,1.0,64,1e-05,42,80,2,0.38839297577691256
l2_interaction,Mini-batch GD,1.0,64,1e-05,42,80,3,0.3740004070622315
l2_interaction,Mini-batch GD,1.0,64,1e-05,42,80,4,0.3631120882500268
l2_interaction,Mini-batch GD,1.0,64,1e-05,42,80,5,0.3523292563478834
l2_interaction,Mini-batch GD,1.0,64,1e-05,42,80,6,0.3431078542128166
l2_interaction,Mini-batch GD,1.0,64,1e-05,42,80,7,0.33538599958805027
l2_interaction,Mini-batch GD,1.0,64,1e-05,42,80,8,0.32891063589585456
l2_interaction,Mini-batch GD,1.0,64,1e-05,42,80,9,0.3220675778899284
l2_interaction,Mini-batch GD,1.0,64,1e-05,42,80,10,0.3162869664567004
l2_interaction,Mini-batch GD,1.0,64,1e-05,42,80,11,0.31092070247379583
l2_interaction,Mini-batch GD,1.0,64,1e-05,42,80,12,0.3060012583665517
l2_interaction,Mini-batch GD,1.0,64,1e-05,42,80,13,0.30129888807601457
l2_interaction,Mini-batch GD,1.0,64,1e-05,42,80,14,0.29746972397508403
l2_interaction,Mini-batch GD,1.0,64,1e-05,42,80,15,0.2928692653311496
l2_interaction,Mini-batch GD,1.0,64,1e-05,42,80,16,0.2908998050698998
l2_interaction,Mini-batch GD,1.0,64,1e-05,42,80,17,0.2854291029588031
l2_interaction,Mini-batch GD,1.0,64,1e-05,42,80,18,0.28188981025981996
l2_interaction,Mini-batch GD,1.0,64,1e-05,42,80,19,0.27861071564216827
l2_interaction,Mini-batch GD,1.0,64,1e-05,42,80,20,0.27545251168590823
l2_interaction,Mini-batch GD,1.0,64,1e-05,42,80,21,0.27301411236332884
l2_interaction,Mini-batch GD,1.0,64,1e-05,42,80,22,0.2696195005817369
l2_interaction,Mini-batch GD,1.0,64,1e-05,42,80,23,0.2669709334234087
l2_interaction,Mini-batch GD,1.0,64,1e-05,42,80,24,0.26433052977324645
l2_interaction,Mini-batch GD,1.0,64,1e-05,42,80,25,0.2617322937018626
l2_interaction,Mini-batch GD,1.0,64,1e-05,42,80,26,0.2598021633252663
l2_interaction,Mini-batch GD,1.0,64,1e-05,42,80,27,0.25697361239181304
l2_interaction,Mini-batch GD,1.0,64,1e-05,42,80,28,0.25471147192269245
l2_interaction,Mini-batch GD,1.0,64,1e-05,42,80,29,0.25259485887095023
l2_interaction,Mini-batch GD,1.0,64,1e-05,42,80,30,0.2505206641361708
l2_interaction,Mini-batch GD,1.0,64,1e-05,42,80,31,0.2484497926269134
l2_interaction,Mini-batch GD,1.0,64,1e-05,42,80,32,0.24653866308095929
l2_interaction,Mini-batch GD,1.0,64,1e-05,42,80,33,0.24576208560737733
l2_interaction,Mini-batch GD,1.0,64,1e-05,42,80,34,0.2437000424735845
l2_interaction,Mini-batch GD,1.0,64,1e-05,42,80,35,0.2409462838541102
l2_interaction,Mini-batch GD,1.0,64,1e-05,42,80,36,0.23940477917489045
l2_interaction,Mini-batch GD,1.0,64,1e-05,42,80,37,0.23747559692687115
l2_interaction,Mini-batch GD,1.0,64,1e-05,42,80,38,0.23728843859286103
l2_interaction,Mini-batch GD,1.0,64,1e-05,42,80,39,0.2342448312789703
l2_interaction,Mini-batch GD,1.0,64,1e-05,42,80,40,0.2328097019994447
l2_interaction,Mini-batch GD,1.0,64,1e-05,42,80,41,0.23119796047700414
l2_interaction,Mini-batch GD,1.0,64,1e-05,42,80,42,0.22971336142536733
l2_interaction,Mini-batch GD,1.0,64,1e-05,42,80,43,0.22836693444868403
l2_interaction,Mini-batch GD,1.0,64,1e-05,42,80,44,0.22695220207656663
l2_interaction,Mini-batch GD,1.0,64,1e-05,42,80,45,0.2258614420900232
l2_interaction,Mini-batch GD,1.0,64,1e-05,42,80,46,0.22418760928683493
l2_interaction,Mini-batch GD,1.0,64,1e-05,42,80,47,0.22289069060705505
l2_interaction,Mini-batch GD,1.0,64,1e-05,42,80,48,0.22162442190339532
l2_interaction,Mini-batch GD,1.0,64,1e-05,42,80,49,0.22077053319105455
l2_interaction,Mini-batch GD,1.0,64,1e-05,42,80,50,0.2191500250375183
l2_interaction,Mini-batch GD,1.0,64,1e-05,42,80,51,0.21827749546931893
l2_interaction,Mini-batch GD,1.0,64,1e-05,42,80,52,0.2173489865417949
l2_interaction,Mini-batch GD,1.0,64,1e-05,42,80,53,0.21569062614092446
l2_interaction,Mini-batch GD,1.0,64,1e-05,42,80,54,0.2145464843748984
l2_interaction,Mini-batch GD,1.0,64,1e-05,42,80,55,0.21345244643124975
l2_interaction,Mini-batch GD,1.0,64,1e-05,42,80,56,0.21242039862860343
l2_interaction,Mini-batch GD,1.0,64,1e-05,42,80,57,0.2113962913981307
l2_interaction,Mini-batch GD,1.0,64,1e-05,42,80,58,0.21034004703825818
l2_interaction,Mini-batch GD,1.0,64,1e-05,42,80,59,0.20951238544452774
l2_interaction,Mini-batch GD,1.0,64,1e-05,42,80,60,0.20870281406147073
l2_interaction,Mini-batch GD,1.0,64,1e-05,42,80,61,0.2074772078317197
l2_interaction,Mini-batch GD,1.0,64,1e-05,42,80,62,0.20686567441185819
l2_interaction,Mini-batch GD,1.0,64,1e-05,42,80,63,0.2056509933167494
l2_interaction,Mini-batch GD,1.0,64,1e-05,42,80,64,0.2045940883810093
l2_interaction,Mini-batch GD,1.0,64,1e-05,42,80,65,0.20502179025137818
l2_interaction,Mini-batch GD,1.0,64,1e-05,42,80,66,0.20286433945174415
l2_interaction,Mini-batch GD,1.0,64,1e-05,42,80,67,0.20234427355711998
l2_interaction,Mini-batch GD,1.0,64,1e-05,42,80,68,0.20127263922988065
l2_interaction,Mini-batch GD,1.0,64,1e-05,42,80,69,0.20026432940397895
l2_interaction,Mini-batch GD,1.0,64,1e-05,42,80,70,0.19967000540255037
l2_interaction,Mini-batch GD,1.0,64,1e-05,42,80,71,0.1985932441000733
l2_interaction,Mini-batch GD,1.0,64,1e-05,42,80,72,0.19901094587077506
l2_interaction,Mini-batch GD,1.0,64,1e-05,42,80,73,0.19711993163248134
l2_interaction,Mini-batch GD,1.0,64,1e-05,42,80,74,0.19637376986163899
l2_interaction,Mini-batch GD,1.0,64,1e-05,42,80,75,0.19552588530653356
l2_interaction,Mini-batch GD,1.0,64,1e-05,42,80,76,0.19477200724501448
l2_interaction,Mini-batch GD,1.0,64,1e-05,42,80,77,0.19412709520232724
l2_interaction,Mini-batch GD,1.0,64,1e-05,42,80,78,0.19357339086341932
l2_interaction,Mini-batch GD,1.0,64,1e-05,42,80,79,0.19259867257389265
l2_interaction,Mini-batch GD,1.0,64,1e-05,42,80,80,0.19226470011699004
l2_interaction,Batch GD,8.0,,0.0001,42,80,1,0.5397153485794433
l2_interaction,Batch GD,8.0,,0.0001,42,80,2,0.44779923301199615
l2_interaction,Batch GD,8.0,,0.0001,42,80,3,0.4379202288966854
l2_interaction,Batch GD,8.0,,0.0001,42,80,4,0.4328004627383857
l2_interaction,Batch GD,8.0,,0.0001,42,80,5,0.4284636913391752
l2_interaction,Batch GD,8.0,,0.0001,42,80,6,0.4246655583465823
l2_interaction,Batch GD,8.0,,0.0001,42,80,7,0.42127974507465143
l2_interaction,Batch GD,8.0,,0.0001,42,80,8,0.4182193292362133
l2_interaction,Batch GD,8.0,,0.0001,42,80,9,0.4154209724275202
l2_interaction,Batch GD,8.0,,0.0001,42,80,10,0.41283749489652233
l2_interaction,Batch GD,8.0,,0.0001,42,80,11,0.4104330539847761
l2_interaction,Batch GD,8.0,,0.0001,42,80,12,0.408179939485002
l2_interaction,Batch GD,8.0,,0.0001,42,80,13,0.40605638272882416
l2_interaction,Batch GD,8.0,,0.0001,42,80,14,0.40404503104173134
l2_interaction,Batch GD,8.0,,0.0001,42,80,15,0.40213186571719234
l2_interaction,Batch GD,8.0,,0.0001,42,80,16,0.40030542171681455
l2_interaction,Batch GD,8.0,,0.0001,42,80,17,0.3985562162110669
l2_interaction,Batch GD,8.0,,0.0001,42,80,18,0.3968763240618955
l2_interaction,Batch GD,8.0,,0.0001,42,80,19,0.3952590582708724
l2_interaction,Batch GD,8.0,,0.0001,42,80,20,0.39369872647054116
l2_interaction,Batch GD,8.0,,0.0001,42,80,21,0.39219044323174207
l2_interaction,Batch GD,8.0,,0.0001,42,80,22,0.39072998384303764
l2_interaction,Batch GD,8.0,,0.0001,42,80,23,0.38931366925771815
l2_interaction,Batch GD,8.0,,0.0001,42,80,24,0.38793827471542075
l2_interaction,Batch GD,8.0,,0.0001,42,80,25,0.3866009565275892
l2_interaction,Batch GD,8.0,,0.0001,42,80,26,0.38529919293040094
l2_interaction,Batch GD,8.0,,0.0001,42,80,27,0.38403073592949877
l2_interaction,Batch GD,8.0,,0.0001,42,80,28,0.38279357180534207
l2_interaction,Batch GD,8.0,,0.0001,42,80,29,0.3815858884964671
l2_interaction,Batch GD,8.0,,0.0001,42,80,30,0.3804060484858461
l2_interaction,Batch GD,8.0,,0.0001,42,80,31,0.3792525661216266
l2_interaction,Batch GD,8.0,,0.0001,42,80,32,0.3781240885351742
l2_interaction,Batch GD,8.0,,0.0001,42,80,33,0.3770193794960479
l2_interaction,Batch GD,8.0,,0.0001,42,80,34,0.3759373056793813
l2_interaction,Batch GD,8.0,,0.0001,42,80,35,0.3748768249263164
l2_interaction,Batch GD,8.0,,0.0001,42,80,36,0.37383697616014916
l2_interaction,Batch GD,8.0,,0.0001,42,80,37,0.3728168706851935
l2_interaction,Batch GD,8.0,,0.0001,42,80,38,0.37181568464620823
l2_interaction,Batch GD,8.0,,0.0001,42,80,39,0.37083265246660757
l2_interaction,Batch GD,8.0,,0.0001,42,80,40,0.36986706111594875
l2_interaction,Batch GD,8.0,,0.0001,42,80,41,0.3689182450831208
l2_interaction,Batch GD,8.0,,0.0001,42,80,42,0.36798558195260067
l2_interaction,Batch GD,8.0,,0.0001,42,80,43,0.36706848849815454
l2_interaction,Batch GD,8.0,,0.0001,42,80,44,0.36616641722222526
l2_interaction,Batch GD,8.0,,0.0001,42,80,45,0.36527885328063114
l2_interaction,Batch GD,8.0,,0.0001,42,80,46,0.3644053117415526
l2_interaction,Batch GD,8.0,,0.0001,42,80,47,0.36354533513553594
l2_interaction,Batch GD,8.0,,0.0001,42,80,48,0.3626984912596679
l2_interaction,Batch GD,8.0,,0.0001,42,80,49,0.361864371204436
l2_interaction,Batch GD,8.0,,0.0001,42,80,50,0.36104258757628205
l2_interaction,Batch GD,8.0,,0.0001,42,80,51,0.3602327728926186
l2_interaction,Batch GD,8.0,,0.0001,42,80,52,0.3594345781292664
l2_interaction,Batch GD,8.0,,0.0001,42,80,53,0.3586476714029515
l2_interaction,Batch GD,8.0,,0.0001,42,80,54,0.35787173677379336
l2_interaction,Batch GD,8.0,,0.0001,42,80,55,0.3571064731546557
l2_interaction,Batch GD,8.0,,0.0001,42,80,56,0.3563515933158931
l2_interaction,Batch GD,8.0,,0.0001,42,80,57,0.35560682297545837
l2_interaction,Batch GD,8.0,,0.0001,42,80,58,0.3548718999655528
l2_interaction,Batch GD,8.0,,0.0001,42,80,59,0.3541465734680621
l2_interaction,Batch GD,8.0,,0.0001,42,80,60,0.353430603311932
l2_interaction,Batch GD,8.0,,0.0001,42,80,61,0.35272375932643046
l2_interaction,Batch GD,8.0,,0.0001,42,80,62,0.352025820744929
l2_interaction,Batch GD,8.0,,0.0001,42,80,63,0.35133657565443727
l2_interaction,Batch GD,8.0,,0.0001,42,80,64,0.3506558204866471
l2_interaction,Batch GD,8.0,,0.0001,42,80,65,0.34998335954669896
l2_interaction,Batch GD,8.0,,0.0001,42,80,66,0.34931900457629084
l2_interaction,Batch GD,8.0,,0.0001,42,80,67,0.3486625743480956
l2_interaction,Batch GD,8.0,,0.0001,42,80,68,0.34801389428877266
l2_interaction,Batch GD,8.0,,0.0001,42,80,69,0.34737279612812727
l2_interaction,Batch GD,8.0,,0.0001,42,80,70,0.3467391175722208
l2_interaction,Batch GD,8.0,,0.0001,42,80,71,0.34611270199844574
l2_interaction,Batch GD,8.0,,0.0001,42,80,72,0.34549339817077607
l2_interaction,Batch GD,8.0,,0.0001,42,80,73,0.34488105997356966
l2_interaction,Batch GD,8.0,,0.0001,42,80,74,0.344275546162454
l2_interaction,Batch GD,8.0,,0.0001,42,80,75,0.34367672013096373
l2_interaction,Batch GD,8.0,,0.0001,42,80,76,0.3430844496917166
l2_interaction,Batch GD,8.0,,0.0001,42,80,77,0.3424986068710248
l2_interaction,Batch GD,8.0,,0.0001,42,80,78,0.3419190677159403
l2_interaction,Batch GD,8.0,,0.0001,42,80,79,0.3413457121128113
l2_interaction,Batch GD,8.0,,0.0001,42,80,80,0.3407784236165196
l2_interaction,SGD,0.05,,0.0001,42,80,1,0.3730673026694482
l2_interaction,SGD,0.05,,0.0001,42,80,2,0.34398237558034983
l2_interaction,SGD,0.05,,0.0001,42,80,3,0.3271137674251225
l2_interaction,SGD,0.05,,0.0001,42,80,4,0.3165672610944728
l2_interaction,SGD,0.05,,0.0001,42,80,5,0.3052161696143602
l2_interaction,SGD,0.05,,0.0001,42,80,6,0.2934888937906726
l2_interaction,SGD,0.05,,0.0001,42,80,7,0.2871467616025603
l2_interaction,SGD,0.05,,0.0001,42,80,8,0.28434333721487853
l2_interaction,SGD,0.05,,0.0001,42,80,9,0.2770874731971689
l2_interaction,SGD,0.05,,0.0001,42,80,10,0.274868577355586
l2_interaction,SGD,0.05,,0.0001,42,80,11,0.26995687998744367
l2_interaction,SGD,0.05,,0.0001,42,80,12,0.2672282536731679
l2_interaction,SGD,0.05,,0.0001,42,80,13,0.26487155450419536
l2_interaction,SGD,0.05,,0.0001,42,80,14,0.2636927422999216
l2_interaction,SGD,0.05,,0.0001,42,80,15,0.26102171446742484
l2_interaction,SGD,0.05,,0.0001,42,80,16,0.261538250412611
l2_interaction,SGD,0.05,,0.0001,42,80,17,0.2579047734309966
l2_interaction,SGD,0.05,,0.0001,42,80,18,0.25673103833734856
l2_interaction,SGD,0.05,,0.0001,42,80,19,0.25567512915039364
l2_interaction,SGD,0.05,,0.0001,42,80,20,0.2546146212677066
l2_interaction,SGD,0.05,,0.0001,42,80,21,0.25556950604644163
l2_interaction,SGD,0.05,,0.0001,42,80,22,0.2530989836785525
l2_interaction,SGD,0.05,,0.0001,42,80,23,0.25285986622561785
l2_interaction,SGD,0.05,,0.0001,42,80,24,0.2518361701701904
l2_interaction,SGD,0.05,,0.0001,42,80,25,0.25133560663076615
l2_interaction,SGD,0.05,,0.0001,42,80,26,0.25139089469473636
l2_interaction,SGD,0.05,,0.0001,42,80,27,0.2506028824093113
l2_interaction,SGD,0.05,,0.0001,42,80,28,0.24990462541686773
l2_interaction,SGD,0.05,,0.0001,42,80,29,0.2498751648816114
l2_interaction,SGD,0.05,,0.0001,42,80,30,0.25004570494369227
l2_interaction,SGD,0.05,,0.0001,42,80,31,0.24922283901127845
l2_interaction,SGD,0.05,,0.0001,42,80,32,0.24864199954463337
l2_interaction,SGD,0.05,,0.0001,42,80,33,0.25025972935492674
l2_interaction,SGD,0.05,,0.0001,42,80,34,0.251988655210105
l2_interaction,SGD,0.05,,0.0001,42,80,35,0.2480655984764848
l2_interaction,SGD,0.05,,0.0001,42,80,36,0.24962468561626658
l2_interaction,SGD,0.05,,0.0001,42,80,37,0.2477008966927895
l2_interaction,SGD,0.05,,0.0001,42,80,38,0.2498449067378691
l2_interaction,SGD,0.05,,0.0001,42,80,39,0.2482128322015813
l2_interaction,SGD,0.05,,0.0001,42,80,40,0.24759467302290303
l2_interaction,SGD,0.05,,0.0001,42,80,41,0.24734517460023314
l2_interaction,SGD,0.05,,0.0001,42,80,42,0.24737251383335024
l2_interaction,SGD,0.05,,0.0001,42,80,43,0.2474245057468625
l2_interaction,SGD,0.05,,0.0001,42,80,44,0.24690360637992953
l2_interaction,SGD,0.05,,0.0001,42,80,45,0.24851600899670678
l2_interaction,SGD,0.05,,0.0001,42,80,46,0.24679541680780462
l2_interaction,SGD,0.05,,0.0001,42,80,47,0.24715669585031716
l2_interaction,SGD,0.05,,0.0001,42,80,48,0.24708122348491832
l2_interaction,SGD,0.05,,0.0001,42,80,49,0.246680550095078
l2_interaction,SGD,0.05,,0.0001,42,80,50,0.24657288854760245
l2_interaction,SGD,0.05,,0.0001,42,80,51,0.24696262181369272
l2_interaction,SGD,0.05,,0.0001,42,80,52,0.2477753819303042
l2_interaction,SGD,0.05,,0.0001,42,80,53,0.24668941793648672
l2_interaction,SGD,0.05,,0.0001,42,80,54,0.24643050486727586
l2_interaction,SGD,0.05,,0.0001,42,80,55,0.24634696938489128
l2_interaction,SGD,0.05,,0.0001,42,80,56,0.2463195737097861
l2_interaction,SGD,0.05,,0.0001,42,80,57,0.24637936623672055
l2_interaction,SGD,0.05,,0.0001,42,80,58,0.24639757294682396
l2_interaction,SGD,0.05,,0.0001,42,80,59,0.24752759810138744
l2_interaction,SGD,0.05,,0.0001,42,80,60,0.24662240619735556
l2_interaction,SGD,0.05,,0.0001,42,80,61,0.24736815181422098
l2_interaction,SGD,0.05,,0.0001,42,80,62,0.2470632015258309
l2_interaction,SGD,0.05,,0.0001,42,80,63,0.2461825770187866
l2_interaction,SGD,0.05,,0.0001,42,80,64,0.24646771199373257
l2_interaction,SGD,0.05,,0.0001,42,80,65,0.24936812420631638
l2_interaction,SGD,0.05,,0.0001,42,80,66,0.24650169627367466
l2_interaction,SGD,0.05,,0.0001,42,80,67,0.24614629016368847
l2_interaction,SGD,0.05,,0.0001,42,80,68,0.24654524409756298
l2_interaction,SGD,0.05,,0.0001,42,80,69,0.24611477234281498
l2_interaction,SGD,0.05,,0.0001,42,80,70,0.24681105560452835
l2_interaction,SGD,0.05,,0.0001,42,80,71,0.24622528973965876
l2_interaction,SGD,0.05,,0.0001,42,80,72,0.2504658240732252
l2_interaction,SGD,0.05,,0.0001,42,80,73,0.24654046352198822
l2_interaction,SGD,0.05,,0.0001,42,80,74,0.24820198727304388
l2_interaction,SGD,0.05,,0.0001,42,80,75,0.24608436754798757
l2_interaction,SGD,0.05,,0.0001,42,80,76,0.24631918391974056
l2_interaction,SGD,0.05,,0.0001,42,80,77,0.24631017763820906
l2_interaction,SGD,0.05,,0.0001,42,80,78,0.2471277389371116
l2_interaction,SGD,0.05,,0.0001,42,80,79,0.24618059210526205
l2_interaction,SGD,0.05,,0.0001,42,80,80,0.24835225169401007
l2_interaction,Mini-batch GD,1.0,64,0.0001,42,80,1,0.41002585466908603
l2_interaction,Mini-batch GD,1.0,64,0.0001,42,80,2,0.38937293844066156
l2_interaction,Mini-batch GD,1.0,64,0.0001,42,80,3,0.37562305745954905
l2_interaction,Mini-batch GD,1.0,64,0.0001,42,80,4,0.36543561370950334
l2_interaction,Mini-batch GD,1.0,64,0.0001,42,80,5,0.35541152884699717
l2_interaction,Mini-batch GD,1.0,64,0.0001,42,80,6,0.3469803210793863
l2_interaction,Mini-batch GD,1.0,64,0.0001,42,80,7,0.3400814895362727
l2_interaction,Mini-batch GD,1.0,64,0.0001,42,80,8,0.3344482378297102
l2_interaction,Mini-batch GD,1.0,64,0.0001,42,80,9,0.3284780116529441
l2_interaction,Mini-batch GD,1.0,64,0.0001,42,80,10,0.3235776620392151
l2_interaction,Mini-batch GD,1.0,64,0.0001,42,80,11,0.3191047432652391
l2_interaction,Mini-batch GD,1.0,64,0.0001,42,80,12,0.3150891746671809
l2_interaction,Mini-batch GD,1.0,64,0.0001,42,80,13,0.3112901211347799
l2_interaction,Mini-batch GD,1.0,64,0.0001,42,80,14,0.30839469667085817
l2_interaction,Mini-batch GD,1.0,64,0.0001,42,80,15,0.3046921952874002
l2_interaction,Mini-batch GD,1.0,64,0.0001,42,80,16,0.30365757972437984
l2_interaction,Mini-batch GD,1.0,64,0.0001,42,80,17,0.29907571784991216
l2_interaction,Mini-batch GD,1.0,64,0.0001,42,80,18,0.29644981116678754
l2_interaction,Mini-batch GD,1.0,64,0.0001,42,80,19,0.29407776845738653
l2_interaction,Mini-batch GD,1.0,64,0.0001,42,80,20,0.29183181273726316
l2_interaction,Mini-batch GD,1.0,64,0.0001,42,80,21,0.29035302692608655
l2_interaction,Mini-batch GD,1.0,64,0.0001,42,80,22,0.28779729287581457
l2_interaction,Mini-batch GD,1.0,64,0.0001,42,80,23,0.2860446366711239
l2_interaction,Mini-batch GD,1.0,64,0.0001,42,80,24,0.2843173696445615
l2_interaction,Mini-batch GD,1.0,64,0.0001,42,80,25,0.2825911312326387
l2_interaction,Mini-batch GD,1.0,64,0.0001,42,80,26,0.2815635947306133
l2_interaction,Mini-batch GD,1.0,64,0.0001,42,80,27,0.2795891360260533
l2_interaction,Mini-batch GD,1.0,64,0.0001,42,80,28,0.27818648140350466
l2_interaction,Mini-batch GD,1.0,64,0.0001,42,80,29,0.27692422808133377
l2_interaction,Mini-batch GD,1.0,64,0.0001,42,80,30,0.2757424793232374
l2_interaction,Mini-batch GD,1.0,64,0.0001,42,80,31,0.2744898811732127
l2_interaction,Mini-batch GD,1.0,64,0.0001,42,80,32,0.2734039186151532
l2_interaction,Mini-batch GD,1.0,64,0.0001,42,80,33,0.2734999311236208
l2_interaction,Mini-batch GD,1.0,64,0.0001,42,80,34,0.2723514137751279
l2_interaction,Mini-batch GD,1.0,64,0.0001,42,80,35,0.27030425085040666
l2_interaction,Mini-batch GD,1.0,64,0.0001,42,80,36,0.2696540759019904
l2_interaction,Mini-batch GD,1.0,64,0.0001,42,80,37,0.2684681044326568
l2_interaction,Mini-batch GD,1.0,64,0.0001,42,80,38,0.26924265524757324
l2_interaction,Mini-batch GD,1.0,64,0.0001,42,80,39,0.2668298110291508
l2_interaction,Mini-batch GD,1.0,64,0.0001,42,80,40,0.26620849665915536
l2_interaction,Mini-batch GD,1.0,64,0.0001,42,80,41,0.26535819214123196
l2_interaction,Mini-batch GD,1.0,64,0.0001,42,80,42,0.2646334739173002
l2_interaction,Mini-batch GD,1.0,64,0.0001,42,80,43,0.26401400451057333
l2_interaction,Mini-batch GD,1.0,64,0.0001,42,80,44,0.2633794362141607
l2_interaction,Mini-batch GD,1.0,64,0.0001,42,80,45,0.2631250236178099
l2_interaction,Mini-batch GD,1.0,64,0.0001,42,80,46,0.2621238025437236
l2_interaction,Mini-batch GD,1.0,64,0.0001,42,80,47,0.2615840452475716
l2_interaction,Mini-batch GD,1.0,64,0.0001,42,80,48,0.2610422819000218
l2_interaction,Mini-batch GD,1.0,64,0.0001,42,80,49,0.2609480651881768
l2_interaction,Mini-batch GD,1.0,64,0.0001,42,80,50,0.2599874838250826
l2_interaction,Mini-batch GD,1.0,64,0.0001,42,80,51,0.2598451713395677
l2_interaction,Mini-batch GD,1.0,64,0.0001,42,80,52,0.25971841124589523
l2_interaction,Mini-batch GD,1.0,64,0.0001,42,80,53,0.2586475093888203
l2_interaction,Mini-batch GD,1.0,64,0.0001,42,80,54,0.2581945337242205
l2_interaction,Mini-batch GD,1.0,64,0.0001,42,80,55,0.257774186682005
l2_interaction,Mini-batch GD,1.0,64,0.0001,42,80,56,0.25741605091327097
l2_interaction,Mini-batch GD,1.0,64,0.0001,42,80,57,0.2570762224159824
l2_interaction,Mini-batch GD,1.0,64,0.0001,42,80,58,0.2566811621795128
l2_interaction,Mini-batch GD,1.0,64,0.0001,42,80,59,0.25655355621271897
l2_interaction,Mini-batch GD,1.0,64,0.0001,42,80,60,0.2563651607586871
l2_interaction,Mini-batch GD,1.0,64,0.0001,42,80,61,0.2558242408642634
l2_interaction,Mini-batch GD,1.0,64,0.0001,42,80,62,0.25586891148245816
l2_interaction,Mini-batch GD,1.0,64,0.0001,42,80,63,0.25519361785359146
l2_interaction,Mini-batch GD,1.0,64,0.0001,42,80,64,0.25477546302757087
l2_interaction,Mini-batch GD,1.0,64,0.0001,42,80,65,0.25595890145088146
l2_interaction,Mini-batch GD,1.0,64,0.0001,42,80,66,0.25428787936543223
l2_interaction,Mini-batch GD,1.0,64,0.0001,42,80,67,0.25430671425408796
l2_interaction,Mini-batch GD,1.0,64,0.0001,42,80,68,0.2539299433243226
l2_interaction,Mini-batch GD,1.0,64,0.0001,42,80,69,0.2534288123470443
l2_interaction,Mini-batch GD,1.0,64,0.0001,42,80,70,0.2535551182266038
l2_interaction,Mini-batch GD,1.0,64,0.0001,42,80,71,0.25296181797562917
l2_interaction,Mini-batch GD,1.0,64,0.0001,42,80,72,0.25406108870234373
l2_interaction,Mini-batch GD,1.0,64,0.0001,42,80,73,0.25260842384970267
l2_interaction,Mini-batch GD,1.0,64,0.0001,42,80,74,0.2525856285384249
l2_interaction,Mini-batch GD,1.0,64,0.0001,42,80,75,0.2521937592460256
l2_interaction,Mini-batch GD,1.0,64,0.0001,42,80,76,0.2520217404669882
l2_interaction,Mini-batch GD,1.0,64,0.0001,42,80,77,0.2519049029721312
l2_interaction,Mini-batch GD,1.0,64,0.0001,42,80,78,0.2519502076317988
l2_interaction,Mini-batch GD,1.0,64,0.0001,42,80,79,0.25142249242955783
l2_interaction,Mini-batch GD,1.0,64,0.0001,42,80,80,0.25161817970509304
l2_interaction,Batch GD,8.0,,0.001,42,80,1,0.5401751884052869
l2_interaction,Batch GD,8.0,,0.001,42,80,2,0.44836996846404237
l2_interaction,Batch GD,8.0,,0.001,42,80,3,0.4388343884645296
l2_interaction,Batch GD,8.0,,0.001,42,80,4,0.4340526811304876
l2_interaction,Batch GD,8.0,,0.001,42,80,5,0.430067936018998
l2_interaction,Batch GD,8.0,,0.001,42,80,6,0.4266309228404251
l2_interaction,Batch GD,8.0,,0.001,42,80,7,0.4236131521584449
l2_interaction,Batch GD,8.0,,0.001,42,80,8,0.4209264575417841
l2_interaction,Batch GD,8.0,,0.001,42,80,9,0.4185067411147361
l2_interaction,Batch GD,8.0,,0.001,42,80,10,0.41630632191505196
l2_interaction,Batch GD,8.0,,0.001,42,80,11,0.4142890016756647
l2_interaction,Batch GD,8.0,,0.001,42,80,12,0.4124267966828551
l2_interaction,Batch GD,8.0,,0.001,42,80,13,0.4106977115496816
l2_interaction,Batch GD,8.0,,0.001,42,80,14,0.4090841937684388
l2_interaction,Batch GD,8.0,,0.001,42,80,15,0.40757204053108415
l2_interaction,Batch GD,8.0,,0.001,42,80,16,0.4061496122506741
l2_interaction,Batch GD,8.0,,0.001,42,80,17,0.4048072577678868
l2_interaction,Batch GD,8.0,,0.001,42,80,18,0.4035368881195051
l2_interaction,Batch GD,8.0,,0.001,42,80,19,0.4023316561840839
l2_interaction,Batch GD,8.0,,0.001,42,80,20,0.4011857128708394
l2_interaction,Batch GD,8.0,,0.001,42,80,21,0.4000940193857516
l2_interaction,Batch GD,8.0,,0.001,42,80,22,0.3990522010936452
l2_interaction,Batch GD,8.0,,0.001,42,80,23,0.39805643259417584
l2_interaction,Batch GD,8.0,,0.001,42,80,24,0.3971033464764702
l2_interaction,Batch GD,8.0,,0.001,42,80,25,0.39618996022005043
l2_interaction,Batch GD,8.0,,0.001,42,80,26,0.39531361713606444
l2_interaction,Batch GD,8.0,,0.001,42,80,27,0.3944719382703479
l2_interaction,Batch GD,8.0,,0.001,42,80,28,0.39366278293799833
l2_interaction,Batch GD,8.0,,0.001,42,80,29,0.3928842161094694
l2_interaction,Batch GD,8.0,,0.001,42,80,30,0.39213448127686756
l2_interaction,Batch GD,8.0,,0.001,42,80,31,0.39141197773539765
l2_interaction,Batch GD,8.0,,0.001,42,80,32,0.39071524144638126
l2_interaction,Batch GD,8.0,,0.001,42,80,33,0.3900429288246631
l2_interaction,Batch GD,8.0,,0.001,42,80,34,0.3893938029286738
l2_interaction,Batch GD,8.0,,0.001,42,80,35,0.3887667216361978
l2_interaction,Batch GD,8.0,,0.001,42,80,36,0.38816062747053
l2_interaction,Batch GD,8.0,,0.001,42,80,37,0.38757453880571674
l2_interaction,Batch GD,8.0,,0.001,42,80,38,0.38700754223010936
l2_interaction,Batch GD,8.0,,0.001,42,80,39,0.3864587858875773
l2_interaction,Batch GD,8.0,,0.001,42,80,40,0.3859274736477832
l2_interaction,Batch GD,8.0,,0.001,42,80,41,0.385412859982663
l2_interaction,Batch GD,8.0,,0.001,42,80,42,0.38491424544704556
l2_interaction,Batch GD,8.0,,0.001,42,80,43,0.3844309726782225
l2_interaction,Batch GD,8.0,,0.001,42,80,44,0.38396242284304977
l2_interaction,Batch GD,8.0,,0.001,42,80,45,0.3835080124724442
l2_interaction,Batch GD,8.0,,0.001,42,80,46,0.3830671906324342
l2_interaction,Batch GD,8.0,,0.001,42,80,47,0.38263943638861014
l2_interaction,Batch GD,8.0,,0.001,42,80,48,0.3822242565272016
l2_interaction,Batch GD,8.0,,0.001,42,80,49,0.38182118350133964
l2_interaction,Batch GD,8.0,,0.001,42,80,50,0.38142977357551333
l2_interaction,Batch GD,8.0,,0.001,42,80,51,0.3810496051449847
l2_interaction,Batch GD,8.0,,0.001,42,80,52,0.3806802772100835
l2_interaction,Batch GD,8.0,,0.001,42,80,53,0.3803214079879827
l2_interaction,Batch GD,8.0,,0.001,42,80,54,0.37997263364682676
l2_interaction,Batch GD,8.0,,0.001,42,80,55,0.3796336071490277
l2_interaction,Batch GD,8.0,,0.001,42,80,56,0.37930399719219715
l2_interaction,Batch GD,8.0,,0.001,42,80,57,0.3789834872376053
l2_interaction,Batch GD,8.0,,0.001,42,80,58,0.37867177461728446
l2_interaction,Batch GD,8.0,,0.001,42,80,59,0.37836856971194327
l2_interaction,Batch GD,8.0,,0.001,42,80,60,0.37807359519277817
l2_interaction,Batch GD,8.0,,0.001,42,80,61,0.37778658532105486
l2_interaction,Batch GD,8.0,,0.001,42,80,62,0.3775072853000259
l2_interaction,Batch GD,8.0,,0.001,42,80,63,0.3772354506743479
l2_interaction,Batch GD,8.0,,0.001,42,80,64,0.37697084677268955
l2_interaction,Batch GD,8.0,,0.001,42,80,65,0.376713248189682
l2_interaction,Batch GD,8.0,,0.001,42,80,66,0.37646243830376414
l2_interaction,Batch GD,8.0,,0.001,42,80,67,0.37621820882783624
l2_interaction,Batch GD,8.0,,0.001,42,80,68,0.3759803593899439
l2_interaction,Batch GD,8.0,,0.001,42,80,69,0.37574869714149695
l2_interaction,Batch GD,8.0,,0.001,42,80,70,0.3755230363907688
l2_interaction,Batch GD,8.0,,0.001,42,80,71,0.37530319825964475
l2_interaction,Batch GD,8.0,,0.001,42,80,72,0.3750890103617758
l2_interaction,Batch GD,8.0,,0.001,42,80,73,0.37488030650047505
l2_interaction,Batch GD,8.0,,0.001,42,80,74,0.37467692638483935
l2_interaction,Batch GD,8.0,,0.001,42,80,75,0.3744787153627243
l2_interaction,Batch GD,8.0,,0.001,42,80,76,0.3742855241693192
l2_interaction,Batch GD,8.0,,0.001,42,80,77,0.3740972086901814
l2_interaction,Batch GD,8.0,,0.001,42,80,78,0.3739136297376894
l2_interaction,Batch GD,8.0,,0.001,42,80,79,0.3737346528399608
l2_interaction,Batch GD,8.0,,0.001,42,80,80,0.3735601480413672
l2_interaction,SGD,0.05,,0.001,42,80,1,0.3879376076930573
l2_interaction,SGD,0.05,,0.001,42,80,2,0.3745759243670818
l2_interaction,SGD,0.05,,0.001,42,80,3,0.37181520688796926
l2_interaction,SGD,0.05,,0.001,42,80,4,0.37254573445025196
l2_interaction,SGD,0.05,,0.001,42,80,5,0.3710932640223169
l2_interaction,SGD,0.05,,0.001,42,80,6,0.3665261426690908
l2_interaction,SGD,0.05,,0.001,42,80,7,0.3664623390434316
l2_interaction,SGD,0.05,,0.001,42,80,8,0.3685239853088597
l2_interaction,SGD,0.05,,0.001,42,80,9,0.3663723021219054
l2_interaction,SGD,0.05,,0.001,42,80,10,0.3674155593664396
l2_interaction,SGD,0.05,,0.001,42,80,11,0.3661619758528438
l2_interaction,SGD,0.05,,0.001,42,80,12,0.36621260312905923
l2_interaction,SGD,0.05,,0.001,42,80,13,0.366340610841177
l2_interaction,SGD,0.05,,0.001,42,80,14,0.3681835247158615
l2_interaction,SGD,0.05,,0.001,42,80,15,0.36632095950384175
l2_interaction,SGD,0.05,,0.001,42,80,16,0.3692024318466326
l2_interaction,SGD,0.05,,0.001,42,80,17,0.36615051966594947
l2_interaction,SGD,0.05,,0.001,42,80,18,0.3661366724900792
l2_interaction,SGD,0.05,,0.001,42,80,19,0.3669209312864894
l2_interaction,SGD,0.05,,0.001,42,80,20,0.3661388025479676
l2_interaction,SGD,0.05,,0.001,42,80,21,0.3692450898222895
l2_interaction,SGD,0.05,,0.001,42,80,22,0.36632227928704997
l2_interaction,SGD,0.05,,0.001,42,80,23,0.36700899007642024
l2_interaction,SGD,0.05,,0.001,42,80,24,0.366611301299027
l2_interaction,SGD,0.05,,0.001,42,80,25,0.36618797579520573
l2_interaction,SGD,0.05,,0.001,42,80,26,0.367053908946556
l2_interaction,SGD,0.05,,0.001,42,80,27,0.3663222239630044
l2_interaction,SGD,0.05,,0.001,42,80,28,0.3663777233497211
l2_interaction,SGD,0.05,,0.001,42,80,29,0.36638801867312204
l2_interaction,SGD,0.05,,0.001,42,80,30,0.3697424759505534
l2_interaction,SGD,0.05,,0.001,42,80,31,0.3665411228660117
l2_interaction,SGD,0.05,,0.001,42,80,32,0.366224971285696
l2_interaction,SGD,0.05,,0.001,42,80,33,0.3683120343814165
l2_interaction,SGD,0.05,,0.001,42,80,34,0.37333421473792516
l2_interaction,SGD,0.05,,0.001,42,80,35,0.36623351320328323
l2_interaction,SGD,0.05,,0.001,42,80,36,0.37143923331494416
l2_interaction,SGD,0.05,,0.001,42,80,37,0.3661458083418726
l2_interaction,SGD,0.05,,0.001,42,80,38,0.3695606320002638
l2_interaction,SGD,0.05,,0.001,42,80,39,0.3675327004526153
l2_interaction,SGD,0.05,,0.001,42,80,40,0.36750968503414294
l2_interaction,SGD,0.05,,0.001,42,80,41,0.3664149634479354
l2_interaction,SGD,0.05,,0.001,42,80,42,0.36644154290946973
l2_interaction,SGD,0.05,,0.001,42,80,43,0.36617356446420257
l2_interaction,SGD,0.05,,0.001,42,80,44,0.36613984594260796
l2_interaction,SGD,0.05,,0.001,42,80,45,0.36813817082337613
l2_interaction,SGD,0.05,,0.001,42,80,46,0.36631931542031193
l2_interaction,SGD,0.05,,0.001,42,80,47,0.36793805759957876
l2_interaction,SGD,0.05,,0.001,42,80,48,0.3669020513621106
l2_interaction,SGD,0.05,,0.001,42,80,49,0.3673235288762954
l2_interaction,SGD,0.05,,0.001,42,80,50,0.36615914520459725
l2_interaction,SGD,0.05,,0.001,42,80,51,0.3668285984205478
l2_interaction,SGD,0.05,,0.001,42,80,52,0.36854738000638115
l2_interaction,SGD,0.05,,0.001,42,80,53,0.36652819153796107
l2_interaction,SGD,0.05,,0.001,42,80,54,0.36655439486484864
l2_interaction,SGD,0.05,,0.001,42,80,55,0.3661812130192773
l2_interaction,SGD,0.05,,0.001,42,80,56,0.36616241526221943
l2_interaction,SGD,0.05,,0.001,42,80,57,0.36642300232703884
l2_interaction,SGD,0.05,,0.001,42,80,58,0.36686615497262776
l2_interaction,SGD,0.05,,0.001,42,80,59,0.3683381834333255
l2_interaction,SGD,0.05,,0.001,42,80,60,0.36670313203972443
l2_interaction,SGD,0.05,,0.001,42,80,61,0.3691737229075237
l2_interaction,SGD,0.05,,0.001,42,80,62,0.3670973374121023
l2_interaction,SGD,0.05,,0.001,42,80,63,0.36614276270544205
l2_interaction,SGD,0.05,,0.001,42,80,64,0.36614052137533015
l2_interaction,SGD,0.05,,0.001,42,80,65,0.3707739323270384
l2_interaction,SGD,0.05,,0.001,42,80,66,0.3676921716741255
l2_interaction,SGD,0.05,,0.001,42,80,67,0.36614940529441764
l2_interaction,SGD,0.05,,0.001,42,80,68,0.3662922657578506
l2_interaction,SGD,0.05,,0.001,42,80,69,0.3661734467206168
l2_interaction,SGD,0.05,,0.001,42,80,70,0.3669258088740121
l2_interaction,SGD,0.05,,0.001,42,80,71,0.3668510377023801
l2_interaction,SGD,0.05,,0.001,42,80,72,0.3717496773316397
l2_interaction,SGD,0.05,,0.001,42,80,73,0.3686518357577849
l2_interaction,SGD,0.05,,0.001,42,80,74,0.3726343546019012
l2_interaction,SGD,0.05,,0.001,42,80,75,0.3665334400871407
l2_interaction,SGD,0.05,,0.001,42,80,76,0.36818544210735227
l2_interaction,SGD,0.05,,0.001,42,80,77,0.3672177858851745
l2_interaction,SGD,0.05,,0.001,42,80,78,0.36762684454611294
l2_interaction,SGD,0.05,,0.001,42,80,79,0.36647471884778604
l2_interaction,SGD,0.05,,0.001,42,80,80,0.3678419625335461
l2_interaction,Mini-batch GD,1.0,64,0.001,42,80,1,0.4140356373816041
l2_interaction,Mini-batch GD,1.0,64,0.001,42,80,2,0.39814369718911563
l2_interaction,Mini-batch GD,1.0,64,0.001,42,80,3,0.38943288762469286
l2_interaction,Mini-batch GD,1.0,64,0.001,42,80,4,0.3842759065970707
l2_interaction,Mini-batch GD,1.0,64,0.001,42,80,5,0.37928484289257675
l2_interaction,Mini-batch GD,1.0,64,0.001,42,80,6,0.37566096937191484
l2_interaction,Mini-batch GD,1.0,64,0.001,42,80,7,0.3733949384935086
l2_interaction,Mini-batch GD,1.0,64,0.001,42,80,8,0.37213345209267884
l2_interaction,Mini-batch GD,1.0,64,0.001,42,80,9,0.37040398350782877
l2_interaction,Mini-batch GD,1.0,64,0.001,42,80,10,0.36945091784768835
l2_interaction,Mini-batch GD,1.0,64,0.001,42,80,11,0.3687110069155245
l2_interaction,Mini-batch GD,1.0,64,0.001,42,80,12,0.36822786091296117
l2_interaction,Mini-batch GD,1.0,64,0.001,42,80,13,0.3676942940420596
l2_interaction,Mini-batch GD,1.0,64,0.001,42,80,14,0.36805714554623026
l2_interaction,Mini-batch GD,1.0,64,0.001,42,80,15,0.3671579988332719
l2_interaction,Mini-batch GD,1.0,64,0.001,42,80,16,0.36902015512433217
l2_interaction,Mini-batch GD,1.0,64,0.001,42,80,17,0.36680942332114463
l2_interaction,Mini-batch GD,1.0,64,0.001,42,80,18,0.366604974387173
l2_interaction,Mini-batch GD,1.0,64,0.001,42,80,19,0.36649622823894135
l2_interaction,Mini-batch GD,1.0,64,0.001,42,80,20,0.366418974747881
l2_interaction,Mini-batch GD,1.0,64,0.001,42,80,21,0.3673328059269241
l2_interaction,Mini-batch GD,1.0,64,0.001,42,80,22,0.36631334207205635
l2_interaction,Mini-batch GD,1.0,64,0.001,42,80,23,0.3663316641549841
l2_interaction,Mini-batch GD,1.0,64,0.001,42,80,24,0.3664744748525449
l2_interaction,Mini-batch GD,1.0,64,0.001,42,80,25,0.3662721965778536
l2_interaction,Mini-batch GD,1.0,64,0.001,42,80,26,0.36688978197690564
l2_interaction,Mini-batch GD,1.0,64,0.001,42,80,27,0.3662669822597852
l2_interaction,Mini-batch GD,1.0,64,0.001,42,80,28,0.36616719849974255
l2_interaction,Mini-batch GD,1.0,64,0.001,42,80,29,0.3661681564163236
l2_interaction,Mini-batch GD,1.0,64,0.001,42,80,30,0.36652902297659773
l2_interaction,Mini-batch GD,1.0,64,0.001,42,80,31,0.3661751533576422
l2_interaction,Mini-batch GD,1.0,64,0.001,42,80,32,0.3661458751145698
l2_interaction,Mini-batch GD,1.0,64,0.001,42,80,33,0.3674232947347765
l2_interaction,Mini-batch GD,1.0,64,0.001,42,80,34,0.3678000681071545
l2_interaction,Mini-batch GD,1.0,64,0.001,42,80,35,0.3661274948489815
l2_interaction,Mini-batch GD,1.0,64,0.001,42,80,36,0.3669082439861369
l2_interaction,Mini-batch GD,1.0,64,0.001,42,80,37,0.36612427070353226
l2_interaction,Mini-batch GD,1.0,64,0.001,42,80,38,0.36865102003114125
l2_interaction,Mini-batch GD,1.0,64,0.001,42,80,39,0.3661236825453697
l2_interaction,Mini-batch GD,1.0,64,0.001,42,80,40,0.36647260536542464
l2_interaction,Mini-batch GD,1.0,64,0.001,42,80,41,0.36623318312402325
l2_interaction,Mini-batch GD,1.0,64,0.001,42,80,42,0.3661203674113276
l2_interaction,Mini-batch GD,1.0,64,0.001,42,80,43,0.366138307864542
l2_interaction,Mini-batch GD,1.0,64,0.001,42,80,44,0.36613438005948395
l2_interaction,Mini-batch GD,1.0,64,0.001,42,80,45,0.3668300590374189
l2_interaction,Mini-batch GD,1.0,64,0.001,42,80,46,0.366130342785529
l2_interaction,Mini-batch GD,1.0,64,0.001,42,80,47,0.36632084594296777
l2_interaction,Mini-batch GD,1.0,64,0.001,42,80,48,0.36621954405414253
l2_interaction,Mini-batch GD,1.0,64,0.001,42,80,49,0.36694361852529644
l2_interaction,Mini-batch GD,1.0,64,0.001,42,80,50,0.36613192890496693
l2_interaction,Mini-batch GD,1.0,64,0.001,42,80,51,0.36645182127608433
l2_interaction,Mini-batch GD,1.0,64,0.001,42,80,52,0.36734882724127965
l2_interaction,Mini-batch GD,1.0,64,0.001,42,80,53,0.36616656885106724
l2_interaction,Mini-batch GD,1.0,64,0.001,42,80,54,0.3663111169604404
l2_interaction,Mini-batch GD,1.0,64,0.001,42,80,55,0.36613822381293476
l2_interaction,Mini-batch GD,1.0,64,0.001,42,80,56,0.366195401212006
l2_interaction,Mini-batch GD,1.0,64,0.001,42,80,57,0.366320098033117
l2_interaction,Mini-batch GD,1.0,64,0.001,42,80,58,0.36631558158667066
l2_interaction,Mini-batch GD,1.0,64,0.001,42,80,59,0.3666464416933465
l2_interaction,Mini-batch GD,1.0,64,0.001,42,80,60,0.36660892068309997
l2_interaction,Mini-batch GD,1.0,64,0.001,42,80,61,0.3666989190717079
l2_interaction,Mini-batch GD,1.0,64,0.001,42,80,62,0.36696488774323077
l2_interaction,Mini-batch GD,1.0,64,0.001,42,80,63,0.3663447146400285
l2_interaction,Mini-batch GD,1.0,64,0.001,42,80,64,0.36619258915804176
l2_interaction,Mini-batch GD,1.0,64,0.001,42,80,65,0.3681775207217497
l2_interaction,Mini-batch GD,1.0,64,0.001,42,80,66,0.3665048726242675
l2_interaction,Mini-batch GD,1.0,64,0.001,42,80,67,0.36639702122733514
l2_interaction,Mini-batch GD,1.0,64,0.001,42,80,68,0.36649522076799534
l2_interaction,Mini-batch GD,1.0,64,0.001,42,80,69,0.3662222546031651
l2_interaction,Mini-batch GD,1.0,64,0.001,42,80,70,0.3668060640443001
l2_interaction,Mini-batch GD,1.0,64,0.001,42,80,71,0.3661334350594748
l2_interaction,Mini-batch GD,1.0,64,0.001,42,80,72,0.3674522044088118
l2_interaction,Mini-batch GD,1.0,64,0.001,42,80,73,0.3661210267887421
l2_interaction,Mini-batch GD,1.0,64,0.001,42,80,74,0.3672969661021981
l2_interaction,Mini-batch GD,1.0,64,0.001,42,80,75,0.3662732686539646
l2_interaction,Mini-batch GD,1.0,64,0.001,42,80,76,0.3666187308593506
l2_interaction,Mini-batch GD,1.0,64,0.001,42,80,77,0.36657739323930316
l2_interaction,Mini-batch GD,1.0,64,0.001,42,80,78,0.36661170159266077
l2_interaction,Mini-batch GD,1.0,64,0.001,42,80,79,0.3661210312199508
l2_interaction,Mini-batch GD,1.0,64,0.001,42,80,80,0.36631837104609416
l2_interaction,Batch GD,8.0,,0.01,42,80,1,0.5447735866637238
l2_interaction,Batch GD,8.0,,0.01,42,80,2,0.45343768651660676
l2_interaction,Batch GD,8.0,,0.01,42,80,3,0.4465901734060503
l2_interaction,Batch GD,8.0,,0.01,42,80,4,0.44418722064679245
l2_interaction,Batch GD,8.0,,0.01,42,80,5,0.4424986505412414
l2_interaction,Batch GD,8.0,,0.01,42,80,6,0.44124760419836795
l2_interaction,Batch GD,8.0,,0.01,42,80,7,0.4403014714698696
l2_interaction,Batch GD,8.0,,0.01,42,80,8,0.439575222978757
l2_interaction,Batch GD,8.0,,0.01,42,80,9,0.4390107947786264
l2_interaction,Batch GD,8.0,,0.01,42,80,10,0.43856750348026013
l2_interaction,Batch GD,8.0,,0.01,42,80,11,0.4382162443754393
l2_interaction,Batch GD,8.0,,0.01,42,80,12,0.4379358104917749
l2_interaction,Batch GD,8.0,,0.01,42,80,13,0.4377104931627168
l2_interaction,Batch GD,8.0,,0.01,42,80,14,0.43752848389149906
l2_interaction,Batch GD,8.0,,0.01,42,80,15,0.4373807885787861
l2_interaction,Batch GD,8.0,,0.01,42,80,16,0.4372604762694156
l2_interaction,Batch GD,8.0,,0.01,42,80,17,0.4371621504485541
l2_interaction,Batch GD,8.0,,0.01,42,80,18,0.43708157100114925
l2_interaction,Batch GD,8.0,,0.01,42,80,19,0.4370153798428991
l2_interaction,Batch GD,8.0,,0.01,42,80,20,0.4369608989917366
l2_interaction,Batch GD,8.0,,0.01,42,80,21,0.43691598000099463
l2_interaction,Batch GD,8.0,,0.01,42,80,22,0.43687889031939436
l2_interaction,Batch GD,8.0,,0.01,42,80,23,0.4368482265551967
l2_interaction,Batch GD,8.0,,0.01,42,80,24,0.43682284759231804
l2_interaction,Batch GD,8.0,,0.01,42,80,25,0.4368018225320877
l2_interaction,Batch GD,8.0,,0.01,42,80,26,0.43678438983324147
l2_interaction,Batch GD,8.0,,0.01,42,80,27,0.436769925000402
l2_interaction,Batch GD,8.0,,0.01,42,80,28,0.43675791486265403
l2_interaction,Batch GD,8.0,,0.01,42,80,29,0.43674793697837444
l2_interaction,Batch GD,8.0,,0.01,42,80,30,0.43673964306034785
l2_interaction,Batch GD,8.0,,0.01,42,80,31,0.43673274557703684
l2_interaction,Batch GD,8.0,,0.01,42,80,32,0.43672700687961
l2_interaction,Batch GD,8.0,,0.01,42,80,33,0.43672223034918545
l2_interaction,Batch GD,8.0,,0.01,42,80,34,0.43671825316818125
l2_interaction,Batch GD,8.0,,0.01,42,80,35,0.43671494040316305
l2_interaction,Batch GD,8.0,,0.01,42,80,36,0.4367121801508589
l2_interaction,Batch GD,8.0,,0.01,42,80,37,0.43670987954893536
l2_interaction,Batch GD,8.0,,0.01,42,80,38,0.4367079614922091
l2_interaction,Batch GD,8.0,,0.01,42,80,39,0.4367063619257735
l2_interaction,Batch GD,8.0,,0.01,42,80,40,0.43670502761096375
l2_interaction,Batch GD,8.0,,0.01,42,80,41,0.4367039142795929
l2_interaction,Batch GD,8.0,,0.01,42,80,42,0.4367029851075412
l2_interaction,Batch GD,8.0,,0.01,42,80,43,0.4367022094513858
l2_interaction,Batch GD,8.0,,0.01,42,80,44,0.4367015618019644
l2_interaction,Batch GD,8.0,,0.01,42,80,45,0.4367010209170364
l2_interaction,Batch GD,8.0,,0.01,42,80,46,0.436700569101957
l2_interaction,Batch GD,8.0,,0.01,42,80,47,0.43670019161277174
l2_interaction,Batch GD,8.0,,0.01,42,80,48,0.436699876160648
l2_interaction,Batch GD,8.0,,0.01,42,80,49,0.43669961250024486
l2_interaction,Batch GD,8.0,,0.01,42,80,50,0.43669939208765784
l2_interaction,Batch GD,8.0,,0.01,42,80,51,0.4366992077960599
l2_interaction,Batch GD,8.0,,0.01,42,80,52,0.4366990536792202
l2_interaction,Batch GD,8.0,,0.01,42,80,53,0.4366989247747656
l2_interaction,Batch GD,8.0,,0.01,42,80,54,0.4366988169404528
l2_interaction,Batch GD,8.0,,0.01,42,80,55,0.4366987267178667
l2_interaction,Batch GD,8.0,,0.01,42,80,56,0.4366986512189141
l2_interaction,Batch GD,8.0,,0.01,42,80,57,0.43669858803127665
l2_interaction,Batch GD,8.0,,0.01,42,80,58,0.43669853513962964
l2_interaction,Batch GD,8.0,,0.01,42,80,59,0.43669849085998236
l2_interaction,Batch GD,8.0,,0.01,42,80,60,0.4366984537849389
l2_interaction,Batch GD,8.0,,0.01,42,80,61,0.43669842273805193
l2_interaction,Batch GD,8.0,,0.01,42,80,62,0.4366983967357497
l2_interaction,Batch GD,8.0,,0.01,42,80,63,0.4366983749555723
l2_interaction,Batch GD,8.0,,0.01,42,80,64,0.43669835670966517
l2_interaction,Batch GD,8.0,,0.01,42,80,65,0.43669834142265457
l2_interaction,Batch GD,8.0,,0.01,42,80,66,0.43669832861317776
l2_interaction,Batch GD,8.0,,0.01,42,80,67,0.4366983178784599
l2_interaction,Batch GD,8.0,,0.01,42,80,68,0.4366983088814328
l2_interaction,Batch GD,8.0,,0.01,42,80,69,0.43669830133997384
l2_interaction,Batch GD,8.0,,0.01,42,80,70,0.4366982950179158
l2_interaction,Batch GD,8.0,,0.01,42,80,71,0.43669828971753344
l2_interaction,Batch GD,8.0,,0.01,42,80,72,0.4366982852732636
l2_interaction,Batch GD,8.0,,0.01,42,80,73,0.43669828154645496
l2_interaction,Batch GD,8.0,,0.01,42,80,74,0.43669827842097897
l2_interaction,Batch GD,8.0,,0.01,42,80,75,0.4366982757995591
l2_interaction,Batch GD,8.0,,0.01,42,80,76,0.43669827360069957
l2_interaction,Batch GD,8.0,,0.01,42,80,77,0.4366982717561184
l2_interaction,Batch GD,8.0,,0.01,42,80,78,0.43669827020859703
l2_interaction,Batch GD,8.0,,0.01,42,80,79,0.436698268910183
l2_interaction,Batch GD,8.0,,0.01,42,80,80,0.43669826782068477
l2_interaction,SGD,0.05,,0.01,42,80,1,0.4378148329723105
l2_interaction,SGD,0.05,,0.01,42,80,2,0.43738515254414195
l2_interaction,SGD,0.05,,0.01,42,80,3,0.440063357386991
l2_interaction,SGD,0.05,,0.01,42,80,4,0.44172543181509044
l2_interaction,SGD,0.05,,0.01,42,80,5,0.44232862516689897
l2_interaction,SGD,0.05,,0.01,42,80,6,0.4375709384552571
l2_interaction,SGD,0.05,,0.01,42,80,7,0.4374062183832599
l2_interaction,SGD,0.05,,0.01,42,80,8,0.4391639050556897
l2_interaction,SGD,0.05,,0.01,42,80,9,0.43793642440188746
l2_interaction,SGD,0.05,,0.01,42,80,10,0.43768791736370927
l2_interaction,SGD,0.05,,0.01,42,80,11,0.437590800675969
l2_interaction,SGD,0.05,,0.01,42,80,12,0.43760320390013524
l2_interaction,SGD,0.05,,0.01,42,80,13,0.4379865993925834
l2_interaction,SGD,0.05,,0.01,42,80,14,0.4399271043806734
l2_interaction,SGD,0.05,,0.01,42,80,15,0.4376071496738828
l2_interaction,SGD,0.05,,0.01,42,80,16,0.4416478401506679
l2_interaction,SGD,0.05,,0.01,42,80,17,0.437439666596757
l2_interaction,SGD,0.05,,0.01,42,80,18,0.43747500696487235
l2_interaction,SGD,0.05,,0.01,42,80,19,0.43853052697349537
l2_interaction,SGD,0.05,,0.01,42,80,20,0.43734345102372635
l2_interaction,SGD,0.05,,0.01,42,80,21,0.4404937223253349
l2_interaction,SGD,0.05,,0.01,42,80,22,0.4382242945985071
l2_interaction,SGD,0.05,,0.01,42,80,23,0.4381963219395924
l2_interaction,SGD,0.05,,0.01,42,80,24,0.4380610766800573
l2_interaction,SGD,0.05,,0.01,42,80,25,0.4373132977166143
l2_interaction,SGD,0.05,,0.01,42,80,26,0.43869531849340593
l2_interaction,SGD,0.05,,0.01,42,80,27,0.43744080212395076
l2_interaction,SGD,0.05,,0.01,42,80,28,0.4380873141400603
l2_interaction,SGD,0.05,,0.01,42,80,29,0.4376188121292844
l2_interaction,SGD,0.05,,0.01,42,80,30,0.4443815818353053
l2_interaction,SGD,0.05,,0.01,42,80,31,0.43779233372894133
l2_interaction,SGD,0.05,,0.01,42,80,32,0.4375948935903835
l2_interaction,SGD,0.05,,0.01,42,80,33,0.44007362375623255
l2_interaction,SGD,0.05,,0.01,42,80,34,0.44437258654989353
l2_interaction,SGD,0.05,,0.01,42,80,35,0.4376066088542176
l2_interaction,SGD,0.05,,0.01,42,80,36,0.44630495300572415
l2_interaction,SGD,0.05,,0.01,42,80,37,0.43733087434757006
l2_interaction,SGD,0.05,,0.01,42,80,38,0.44199972110057567
l2_interaction,SGD,0.05,,0.01,42,80,39,0.4381532620035895
l2_interaction,SGD,0.05,,0.01,42,80,40,0.43949931499158335
l2_interaction,SGD,0.05,,0.01,42,80,41,0.4377355995702583
l2_interaction,SGD,0.05,,0.01,42,80,42,0.43751439600611886
l2_interaction,SGD,0.05,,0.01,42,80,43,0.4374584994179247
l2_interaction,SGD,0.05,,0.01,42,80,44,0.4373800086974196
l2_interaction,SGD,0.05,,0.01,42,80,45,0.43887336613637146
l2_interaction,SGD,0.05,,0.01,42,80,46,0.4375619164607397
l2_interaction,SGD,0.05,,0.01,42,80,47,0.4412254878095452
l2_interaction,SGD,0.05,,0.01,42,80,48,0.43750637038270523
l2_interaction,SGD,0.05,,0.01,42,80,49,0.43964831564445334
l2_interaction,SGD,0.05,,0.01,42,80,50,0.43742009102875307
l2_interaction,SGD,0.05,,0.01,42,80,51,0.4378499331970002
l2_interaction,SGD,0.05,,0.01,42,80,52,0.4410236963224398
l2_interaction,SGD,0.05,,0.01,42,80,53,0.4375827273346565
l2_interaction,SGD,0.05,,0.01,42,80,54,0.4392208431643355
l2_interaction,SGD,0.05,,0.01,42,80,55,0.43733556511210947
l2_interaction,SGD,0.05,,0.01,42,80,56,0.4376572585173023
l2_interaction,SGD,0.05,,0.01,42,80,57,0.437733898153959
l2_interaction,SGD,0.05,,0.01,42,80,58,0.43875987494474006
l2_interaction,SGD,0.05,,0.01,42,80,59,0.43948598592277466
l2_interaction,SGD,0.05,,0.01,42,80,60,0.4377452921840728
l2_interaction,SGD,0.05,,0.01,42,80,61,0.44047443930242286
l2_interaction,SGD,0.05,,0.01,42,80,62,0.4381224889595227
l2_interaction,SGD,0.05,,0.01,42,80,63,0.43749845378114904
l2_interaction,SGD,0.05,,0.01,42,80,64,0.43737964255481676
l2_interaction,SGD,0.05,,0.01,42,80,65,0.4435564311665042
l2_interaction,SGD,0.05,,0.01,42,80,66,0.43918256421054325
l2_interaction,SGD,0.05,,0.01,42,80,67,0.43738428789053874
l2_interaction,SGD,0.05,,0.01,42,80,68,0.4373390257723937
l2_interaction,SGD,0.05,,0.01,42,80,69,0.43764445642808847
l2_interaction,SGD,0.05,,0.01,42,80,70,0.4378516092472061
l2_interaction,SGD,0.05,,0.01,42,80,71,0.43846876123407064
l2_interaction,SGD,0.05,,0.01,42,80,72,0.4425817659192014
l2_interaction,SGD,0.05,,0.01,42,80,73,0.4420915525701679
l2_interaction,SGD,0.05,,0.01,42,80,74,0.4468321203682323
l2_interaction,SGD,0.05,,0.01,42,80,75,0.4377749011440259
l2_interaction,SGD,0.05,,0.01,42,80,76,0.44165511308924243
l2_interaction,SGD,0.05,,0.01,42,80,77,0.4389391487637976
l2_interaction,SGD,0.05,,0.01,42,80,78,0.43867092611285347
l2_interaction,SGD,0.05,,0.01,42,80,79,0.4382780226127991
l2_interaction,SGD,0.05,,0.01,42,80,80,0.43796512970023593
l2_interaction,Mini-batch GD,1.0,64,0.01,42,80,1,0.4384431859091789
l2_interaction,Mini-batch GD,1.0,64,0.01,42,80,2,0.4368922904423237
l2_interaction,Mini-batch GD,1.0,64,0.01,42,80,3,0.4372111447010624
l2_interaction,Mini-batch GD,1.0,64,0.01,42,80,4,0.4379103774373813
l2_interaction,Mini-batch GD,1.0,64,0.01,42,80,5,0.437436967706302
l2_interaction,Mini-batch GD,1.0,64,0.01,42,80,6,0.43677421422737045
l2_interaction,Mini-batch GD,1.0,64,0.01,42,80,7,0.43673742903321777
l2_interaction,Mini-batch GD,1.0,64,0.01,42,80,8,0.43708593526158174
l2_interaction,Mini-batch GD,1.0,64,0.01,42,80,9,0.4367379422234974
l2_interaction,Mini-batch GD,1.0,64,0.01,42,80,10,0.4367371318352578
l2_interaction,Mini-batch GD,1.0,64,0.01,42,80,11,0.436741293785455
l2_interaction,Mini-batch GD,1.0,64,0.01,42,80,12,0.4369257165226336
l2_interaction,Mini-batch GD,1.0,64,0.01,42,80,13,0.43675982999385854
l2_interaction,Mini-batch GD,1.0,64,0.01,42,80,14,0.4375976924329749
l2_interaction,Mini-batch GD,1.0,64,0.01,42,80,15,0.4369313556943615
l2_interaction,Mini-batch GD,1.0,64,0.01,42,80,16,0.4392201066217162
l2_interaction,Mini-batch GD,1.0,64,0.01,42,80,17,0.4367916528432136
l2_interaction,Mini-batch GD,1.0,64,0.01,42,80,18,0.4367349198796907
l2_interaction,Mini-batch GD,1.0,64,0.01,42,80,19,0.4367363125964135
l2_interaction,Mini-batch GD,1.0,64,0.01,42,80,20,0.43675473015714567
l2_interaction,Mini-batch GD,1.0,64,0.01,42,80,21,0.438137226211496
l2_interaction,Mini-batch GD,1.0,64,0.01,42,80,22,0.436861912918266
l2_interaction,Mini-batch GD,1.0,64,0.01,42,80,23,0.43676588051213217
l2_interaction,Mini-batch GD,1.0,64,0.01,42,80,24,0.43716819417582453
l2_interaction,Mini-batch GD,1.0,64,0.01,42,80,25,0.43696991760709575
l2_interaction,Mini-batch GD,1.0,64,0.01,42,80,26,0.4375345950698917
l2_interaction,Mini-batch GD,1.0,64,0.01,42,80,27,0.4369536511028048
l2_interaction,Mini-batch GD,1.0,64,0.01,42,80,28,0.4368282566520087
l2_interaction,Mini-batch GD,1.0,64,0.01,42,80,29,0.4367423225101296
l2_interaction,Mini-batch GD,1.0,64,0.01,42,80,30,0.4376079639103015
l2_interaction,Mini-batch GD,1.0,64,0.01,42,80,31,0.4367835306113533
l2_interaction,Mini-batch GD,1.0,64,0.01,42,80,32,0.4367473386399875
l2_interaction,Mini-batch GD,1.0,64,0.01,42,80,33,0.43804906906113705
l2_interaction,Mini-batch GD,1.0,64,0.01,42,80,34,0.43855804872595766
l2_interaction,Mini-batch GD,1.0,64,0.01,42,80,35,0.43674094748889924
l2_interaction,Mini-batch GD,1.0,64,0.01,42,80,36,0.43810927587444815
l2_interaction,Mini-batch GD,1.0,64,0.01,42,80,37,0.43673365070608616
l2_interaction,Mini-batch GD,1.0,64,0.01,42,80,38,0.44006836562798196
l2_interaction,Mini-batch GD,1.0,64,0.01,42,80,39,0.43674127662982953
l2_interaction,Mini-batch GD,1.0,64,0.01,42,80,40,0.4372688142392143
l2_interaction,Mini-batch GD,1.0,64,0.01,42,80,41,0.4370100143910856
l2_interaction,Mini-batch GD,1.0,64,0.01,42,80,42,0.43673447801673493
l2_interaction,Mini-batch GD,1.0,64,0.01,42,80,43,0.43702460506721547
l2_interaction,Mini-batch GD,1.0,64,0.01,42,80,44,0.43674065846622606
l2_interaction,Mini-batch GD,1.0,64,0.01,42,80,45,0.4374526063827549
l2_interaction,Mini-batch GD,1.0,64,0.01,42,80,46,0.43674070077575566
l2_interaction,Mini-batch GD,1.0,64,0.01,42,80,47,0.43736534955080764
l2_interaction,Mini-batch GD,1.0,64,0.01,42,80,48,0.4367684140365445
l2_interaction,Mini-batch GD,1.0,64,0.01,42,80,49,0.4376962741508386
l2_interaction,Mini-batch GD,1.0,64,0.01,42,80,50,0.43675102057869797
l2_interaction,Mini-batch GD,1.0,64,0.01,42,80,51,0.43696151701766034
l2_interaction,Mini-batch GD,1.0,64,0.01,42,80,52,0.4386829045059457
l2_interaction,Mini-batch GD,1.0,64,0.01,42,80,53,0.43675691819757967
l2_interaction,Mini-batch GD,1.0,64,0.01,42,80,54,0.4374861987957163
l2_interaction,Mini-batch GD,1.0,64,0.01,42,80,55,0.43680354156006135
l2_interaction,Mini-batch GD,1.0,64,0.01,42,80,56,0.43690316404665197
l2_interaction,Mini-batch GD,1.0,64,0.01,42,80,57,0.4370138119187243
l2_interaction,Mini-batch GD,1.0,64,0.01,42,80,58,0.4371309765663171
l2_interaction,Mini-batch GD,1.0,64,0.01,42,80,59,0.43746822453823636
l2_interaction,Mini-batch GD,1.0,64,0.01,42,80,60,0.43704247868690393
l2_interaction,Mini-batch GD,1.0,64,0.01,42,80,61,0.4374341363245796
l2_interaction,Mini-batch GD,1.0,64,0.01,42,80,62,0.437593686852269
l2_interaction,Mini-batch GD,1.0,64,0.01,42,80,63,0.43698310394954293
l2_interaction,Mini-batch GD,1.0,64,0.01,42,80,64,0.4367924754218067
l2_interaction,Mini-batch GD,1.0,64,0.01,42,80,65,0.4393307903173427
l2_interaction,Mini-batch GD,1.0,64,0.01,42,80,66,0.4373325947580784
l2_interaction,Mini-batch GD,1.0,64,0.01,42,80,67,0.43704486457668
l2_interaction,Mini-batch GD,1.0,64,0.01,42,80,68,0.4370562797513712
l2_interaction,Mini-batch GD,1.0,64,0.01,42,80,69,0.4371635215311663
l2_interaction,Mini-batch GD,1.0,64,0.01,42,80,70,0.4374235727026952
l2_interaction,Mini-batch GD,1.0,64,0.01,42,80,71,0.43676529560739663
l2_interaction,Mini-batch GD,1.0,64,0.01,42,80,72,0.4379590468546543
l2_interaction,Mini-batch GD,1.0,64,0.01,42,80,73,0.43691671163822077
l2_interaction,Mini-batch GD,1.0,64,0.01,42,80,74,0.4385833264393556
l2_interaction,Mini-batch GD,1.0,64,0.01,42,80,75,0.4368505845319602
l2_interaction,Mini-batch GD,1.0,64,0.01,42,80,76,0.4377823643247568
l2_interaction,Mini-batch GD,1.0,64,0.01,42,80,77,0.43766931515606916
l2_interaction,Mini-batch GD,1.0,64,0.01,42,80,78,0.43704955117381294
l2_interaction,Mini-batch GD,1.0,64,0.01,42,80,79,0.4367403914445768
l2_interaction,Mini-batch GD,1.0,64,0.01,42,80,80,0.4367769782190835
